term,series,rep,a,b,d
2015-2019,real,0,hallitus,oppositio,0.36557344696987415
2015-2019,real,1,hallitus,oppositio,0.3547664479066093
2015-2019,real,2,hallitus,oppositio,0.37583248504935995
2015-2019,real,3,hallitus,oppositio,0.3861049003046553
2015-2019,real,4,hallitus,oppositio,0.31613118976794485
2015-2019,real,5,hallitus,oppositio,0.3817957544402697
2015-2019,real,6,hallitus,oppositio,0.366132576308678
2015-2019,real,7,hallitus,oppositio,0.33125494386984555
2015-2019,random,8,hallitus,oppositio,0.0026483898365781133
2015-2019,random,9,hallitus,oppositio,0.014193757652175565
2015-2019,random,10,hallitus,oppositio,-0.034521058760548895
2015-2019,random,11,hallitus,oppositio,0.024205970477206407
2019-2023,real,0,hallitus,oppositio,0.4780736814477029
2019-2023,real,1,hallitus,oppositio,0.45079260982657754
2019-2023,real,2,hallitus,oppositio,0.48319973971847796
2019-2023,real,3,hallitus,oppositio,0.4627771693825551
2019-2023,real,4,hallitus,oppositio,0.4551118760324653
2019-2023,real,5,hallitus,oppositio,0.49539009997661454
2019-2023,real,6,hallitus,oppositio,0.451736933567066
2019-2023,real,7,hallitus,oppositio,0.4574943676836698
2019-2023,random,8,hallitus,oppositio,-0.035251487698804373
2019-2023,random,9,hallitus,oppositio,-0.008780518204036691
2019-2023,random,10,hallitus,oppositio,0.04606349005990906
2019-2023,random,11,hallitus,oppositio,0.018712722029232465
2023-2027,real,0,hallitus,oppositio,0.5411982794540262
2023-2027,real,1,hallitus,oppositio,0.5069575295596735
2023-2027,real,2,hallitus,oppositio,0.5408156985805708
2023-2027,real,3,hallitus,oppositio,0.5175243382708055
2023-2027,real,4,hallitus,oppositio,0.5384103604837396
2023-2027,real,5,hallitus,oppositio,0.5036534623760145
2023-2027,real,6,hallitus,oppositio,0.4928415845376941
2023-2027,real,7,hallitus,oppositio,0.5146383797343919
2023-2027,random,8,hallitus,oppositio,-0.04301775019703946
2023-2027,random,9,hallitus,oppositio,-0.04159330643977388
2023-2027,random,10,hallitus,oppositio,-0.015890882909585402
2023-2027,random,11,hallitus,oppositio,-0.00645938992073658
