year,a,b,pi,pi_random,sub_lo,sub_hi,n_a,n_b
2015,VAS,SDP,0.49932912365128046,0.49519263679618286,0.49217781755257917,0.50224555691305,12,34
2015,VAS,VIHR,0.5049856623933688,0.497364104063982,0.49739491600780306,0.504647900034085,12,15
2015,VAS,KESK,0.526078736187854,0.4915377325061029,0.5157795759243958,0.5282351216816498,12,49
2015,VAS,RKP,0.5006761004726296,0.48596645269167876,0.4900781255375206,0.5042141552809108,12,9
2015,VAS,KD,0.4954820383120926,0.48254757814177124,0.48540729521108267,0.49478915509792054,12,5
2015,VAS,KOK,0.5175248415216216,0.4933695608601289,0.50864795125738,0.5184981793147435,12,36
2015,VAS,PS,0.5213191626165903,0.4944192416290904,0.5109026784753207,0.5236582818261852,12,36
2015,SDP,VIHR,0.5179031999770437,0.49531181902629084,0.5117186230601528,0.518469207381202,34,15
2015,SDP,KESK,0.5336267847067251,0.4985988527241525,0.5308770268228333,0.5358483682316708,34,49
2015,SDP,RKP,0.5123840710102749,0.49888838025936116,0.5024008279555655,0.5163233047825292,34,9
2015,SDP,KD,0.504366140265103,0.48528698495814754,0.4971250082083437,0.5037488672459483,34,5
2015,SDP,KOK,0.5314442566430266,0.49947390035375583,0.5261714180992354,0.5346331313398722,34,36
2015,SDP,PS,0.5270582239071471,0.4995227780708172,0.5215764993942037,0.5278850780128218,34,36
2015,VIHR,KESK,0.5454643370186897,0.49382036331972656,0.5357048840490835,0.547847912417019,15,49
2015,VIHR,RKP,0.5041578329245103,0.4934528889924875,0.49303745427733553,0.5097583322390046,15,9
2015,VIHR,KD,0.509362387683495,0.48790052409021234,0.49896390942528535,0.5084129732985229,15,5
2015,VIHR,KOK,0.5330339768012193,0.4961981266899941,0.5248712862613628,0.5361634095382259,15,36
2015,VIHR,PS,0.5377729587242037,0.496798375316837,0.5306722396986405,0.543892542480894,15,36
2015,KESK,RKP,0.5237825657526545,0.49352608411338805,0.5110832535859651,0.5255220971605862,49,9
2015,KESK,KD,0.5136556464021895,0.48675758551187226,0.5048994793014362,0.5120804645514362,49,5
2015,KESK,KOK,0.5086705189016055,0.49876223685045673,0.5061301325411997,0.5106872295779953,49,36
2015,KESK,PS,0.5127615737552684,0.49776690663855316,0.5081802030761948,0.5156530746967533,49,36
2015,RKP,KD,0.4929673119889018,0.48539336753153584,0.47711725200491467,0.4977400895963242,9,5
2015,RKP,KOK,0.5197829752810312,0.4935339514252261,0.5112318713275174,0.521660597220055,9,36
2015,RKP,PS,0.5134432545867784,0.49103385768652047,0.501701232231711,0.5173331997337547,9,36
2015,KD,KOK,0.5133468917708456,0.49431566776883196,0.5047548356789194,0.5106405406667995,5,36
2015,KD,PS,0.5093509850532594,0.4896552595128259,0.5012322857186974,0.5088825573965804,5,36
2015,KOK,PS,0.5112483134244284,0.49820962674853364,0.5063370054980024,0.5124128177574124,36,36
2016,VAS,SDP,0.5000471743252758,0.4947989583109663,0.4945056786380833,0.5039754387077859,12,35
2016,VAS,VIHR,0.499802831795634,0.4930597070733983,0.4922391285391993,0.5010104588390348,12,15
2016,VAS,KESK,0.5303542648204159,0.497246920980581,0.5184528331067162,0.5343191760672825,12,49
2016,VAS,RKP,0.5154232014533926,0.4903994004913915,0.5042466713459166,0.5154072544227141,12,10
2016,VAS,KD,0.5000314121092092,0.48632645844514893,0.4891936188134365,0.5054366396966984,12,5
2016,VAS,KOK,0.5183984834173965,0.49307056254301307,0.5074416405427679,0.5180154255658398,12,37
2016,VAS,PS,0.5240355412953631,0.4939360289457345,0.5147430667182458,0.5271401027727264,12,37
2016,SDP,VIHR,0.5161496877762044,0.49734278169433077,0.5099239713091804,0.5159932366113514,35,15
2016,SDP,KESK,0.5271474072804492,0.49834853054604333,0.5240256830197343,0.5283758857655946,35,49
2016,SDP,RKP,0.5269738677656876,0.4922889135095164,0.5192600853431599,0.5291927244001733,35,10
2016,SDP,KD,0.49915060499427333,0.49007420640881283,0.4907117048523722,0.49777917712782177,35,5
2016,SDP,KOK,0.5215555170557546,0.49749493711876874,0.5185461830676257,0.5229774059616029,35,37
2016,SDP,PS,0.5234142773626895,0.49993458908829036,0.5196885619976214,0.5262281881333252,35,37
2016,VIHR,KESK,0.5364116662798765,0.49657872721870566,0.5287241286749853,0.5371769966905799,15,49
2016,VIHR,RKP,0.5205170985946226,0.4908983099595781,0.5103500677739237,0.5191914712843128,15,10
2016,VIHR,KD,0.506791164076559,0.4902600780085455,0.49670839880123757,0.5061693938752416,15,5
2016,VIHR,KOK,0.52456039614784,0.49457897464498163,0.5182873759994668,0.5258088795633593,15,37
2016,VIHR,PS,0.5315878914737209,0.497013704154542,0.5250849177902539,0.5333233317838246,15,37
2016,KESK,RKP,0.5416213885227185,0.4920264345535199,0.5327566120201291,0.5471056115818583,49,10
2016,KESK,KD,0.5117137687359541,0.4844580300981447,0.5015064854310979,0.5101414602505088,49,5
2016,KESK,KOK,0.5098009574027108,0.49734775184892055,0.5074673441247854,0.5103562851509511,49,37
2016,KESK,PS,0.5197565193584466,0.49840846372756487,0.5169553338539796,0.52116907547323,49,37
2016,RKP,KD,0.5105026281293026,0.4794875180983341,0.49444952039429707,0.508752519049437,10,5
2016,RKP,KOK,0.5336489148172068,0.4920960429254112,0.5205207209610256,0.5375433360647008,10,37
2016,RKP,PS,0.5399693107735278,0.49326057156410774,0.5301010162798022,0.5412834574799841,10,37
2016,KD,KOK,0.5073326641444869,0.4895524362979997,0.498074159277688,0.504878231071417,5,37
2016,KD,PS,0.5078412329533257,0.48792763273367046,0.4992806116138099,0.5048630799434469,5,37
2016,KOK,PS,0.5108859455476745,0.49728270087171683,0.5067886331032458,0.5132419183211788,37,37
2017,VAS,SDP,0.49990406212537863,0.49342171008176483,0.4939015309730791,0.4993847180562874,12,35
2017,VAS,VIHR,0.5038736171596487,0.4937147122948232,0.4964421621056272,0.504536134803911,12,15
2017,VAS,KESK,0.5217060188651468,0.4956345324227921,0.5115533748239255,0.5267419054291215,12,49
2017,VAS,RKP,0.5153188530333208,0.4916275267696453,0.4993722338463712,0.5157738932036495,12,9
2017,VAS,KD,0.5003784015238792,0.48547460149754984,0.48468406419032195,0.501302973093637,12,5
2017,VAS,KOK,0.5189318826426603,0.4905565949030083,0.5084410370476875,0.5233893943610355,12,39
2017,VAS,PS,0.5170574913544173,0.49706433834285746,0.5077924875557545,0.5222572229145056,12,35
2017,SDP,VIHR,0.5134385225434793,0.4941617030853327,0.507368099490315,0.5141916904510533,35,15
2017,SDP,KESK,0.5248030403233354,0.4994037936942979,0.520983751487045,0.52563402328287,35,49
2017,SDP,RKP,0.5247247114236684,0.4967835368466911,0.5129117949473115,0.526049466895096,35,9
2017,SDP,KD,0.504806789486876,0.4852865432832635,0.4943030535411372,0.5039268403223816,35,5
2017,SDP,KOK,0.5185523634834139,0.49957542874309424,0.514669592538708,0.5207895123072405,35,39
2017,SDP,PS,0.5269759067563728,0.4964588285071455,0.5234714305554091,0.5286074375605743,35,35
2017,VIHR,KESK,0.5365684644773123,0.49680573092004565,0.530394869847528,0.5366345876336909,15,49
2017,VIHR,RKP,0.5210112337841533,0.4916368204190162,0.5088512208103211,0.5194063162429798,15,9
2017,VIHR,KD,0.5104899505919812,0.4865929739049687,0.4997502795894854,0.5078455686219552,15,5
2017,VIHR,KOK,0.5237243522591459,0.4957835374621389,0.5167602233733647,0.5261864910643741,15,39
2017,VIHR,PS,0.5259113606642074,0.49374590522677286,0.5180428609015116,0.5281418921879009,15,35
2017,KESK,RKP,0.532001191100101,0.4923538380823666,0.518402536720906,0.5306998418953534,49,9
2017,KESK,KD,0.5126527784921187,0.49175726738184844,0.5005905938896973,0.5111524726491115,49,5
2017,KESK,KOK,0.5066240448567892,0.4985011628766729,0.503564528316629,0.5072206871707021,49,39
2017,KESK,PS,0.5213833858415613,0.4994384503335657,0.5169435756516079,0.5246955040505513,49,35
2017,RKP,KD,0.5021040808016042,0.47696204058552855,0.48880247563801515,0.49955622200633176,9,5
2017,RKP,KOK,0.5250152515698054,0.49061620404735473,0.5125955645376843,0.5244938828493738,9,39
2017,RKP,PS,0.5279955469747423,0.4885155094037972,0.516624601500645,0.5294383770016534,9,35
2017,KD,KOK,0.5119552123713033,0.4904711558613333,0.49951201100948694,0.5104978094169229,5,39
2017,KD,PS,0.5070864450383052,0.4901880856021021,0.49901297603407363,0.5036788057971036,5,35
2017,KOK,PS,0.5125288138552374,0.49913328300265475,0.5071057857653457,0.5141472293224288,39,35
2018,VAS,SDP,0.4982813251319883,0.4939825486793384,0.49223397291667964,0.49833033375322283,12,35
2018,VAS,VIHR,0.5053721100478225,0.4928399824964212,0.49661650124882994,0.5048707380841102,12,15
2018,VAS,KESK,0.5190118931799821,0.4979869003266201,0.5068356550814025,0.5235529145582601,12,51
2018,VAS,RKP,0.5093618956739703,0.4855451533373099,0.4965802285290173,0.511036896131511,12,9
2018,VAS,KD,0.4926283587497259,0.48064334547443266,0.4776924492035831,0.4931629061485452,12,5
2018,VAS,KOK,0.5105845707202753,0.4960060159434677,0.5006030674990635,0.5131168504445408,12,38
2018,VAS,PS,0.5180639288102732,0.49334745929156926,0.509593544186871,0.521259832146865,12,17
2018,SDP,VIHR,0.5141088549678184,0.4954157076968321,0.5075494152641412,0.5141552002639868,35,15
2018,SDP,KESK,0.5216691250335237,0.49984419978263395,0.5191021023127291,0.5233432626378953,35,51
2018,SDP,RKP,0.5200378668167476,0.49224306532565987,0.508436729625254,0.520570952063138,35,9
2018,SDP,KD,0.4967778816205802,0.4829632241275088,0.48656548308222547,0.4983685505766321,35,5
2018,SDP,KOK,0.5160930811161294,0.49893616659110046,0.5121896406130052,0.5172130810623448,35,38
2018,SDP,PS,0.5246787456335211,0.49586976981905795,0.5197556501308493,0.5267103426137206,35,17
2018,VIHR,KESK,0.5334197609828615,0.49742605567182385,0.5273685003448344,0.5331493539414693,15,51
2018,VIHR,RKP,0.5125893537209337,0.4907891112369619,0.5038704991935717,0.5129877125326678,15,9
2018,VIHR,KD,0.5068483574256516,0.48813423586090604,0.49204438257704447,0.508654440009985,15,5
2018,VIHR,KOK,0.5210331179566294,0.49777694381661497,0.5150704250863539,0.5215700537648212,15,38
2018,VIHR,PS,0.5337615145889538,0.495417389665847,0.5267526309314716,0.535154308227722,15,17
2018,KESK,RKP,0.5263435550987869,0.49425108619651087,0.5147143553820428,0.5258514184442711,51,9
2018,KESK,KD,0.5007550954981212,0.4891931965196271,0.48919288648104153,0.5022496297146879,51,5
2018,KESK,KOK,0.5063892875752429,0.4976899137216878,0.5038937179869697,0.5076748704211409,51,38
2018,KESK,PS,0.5285154845817102,0.5006135407367133,0.5214131542327357,0.5308785965472301,51,17
2018,RKP,KD,0.49740807110374363,0.47786358652651495,0.478259970389749,0.5033799556360826,9,5
2018,RKP,KOK,0.5270335576524005,0.49061024465451425,0.5103215610999728,0.5304757712809277,9,38
2018,RKP,PS,0.5243158273203057,0.48906978474035623,0.5136571097657456,0.5222408712407544,9,17
2018,KD,KOK,0.4962402554519961,0.48490479321313407,0.4869261546073736,0.492644492446069,5,38
2018,KD,PS,0.49734707173198667,0.48132332882128376,0.4883421757837012,0.4980024106195245,5,17
2018,KOK,PS,0.5204753212738711,0.4975032184444046,0.5144629224150136,0.5216017337755242,38,17
2019,VAS,SDP,0.5024739089416373,0.4991552474856894,0.49771025642492805,0.5055418973857745,20,50
2019,VAS,VIHR,0.5066841592891673,0.4982861101851288,0.5009634431491985,0.5086932512724865,20,28
2019,VAS,KESK,0.5078256045064564,0.4933429186414431,0.5029788988966489,0.5139887741009955,20,57
2019,VAS,RKP,0.5170424984028629,0.4980141022701412,0.5079431335154868,0.5210343089112299,20,11
2019,VAS,KD,0.49783037362654103,0.4860853695808788,0.4882280641792489,0.5024697539268463,20,5
2019,VAS,KOK,0.5126689441767935,0.500346082260394,0.5070181815769178,0.5145258567616307,20,47
2019,VAS,PS,0.524144182596427,0.4974099966118147,0.5154975273974216,0.5274885479316057,20,42
2019,SDP,VIHR,0.5195567718995648,0.49563117280842073,0.5146571235782478,0.5199351432673988,50,28
2019,SDP,KESK,0.5099224989101016,0.499478796340301,0.5069288514944589,0.5127535028382888,50,57
2019,SDP,RKP,0.5187180867487728,0.4943725496125728,0.5065695170589518,0.521199175137264,50,11
2019,SDP,KD,0.49374300412946015,0.48636463546701647,0.4840531270191159,0.4969596299922241,50,5
2019,SDP,KOK,0.515738254413212,0.49944834336349797,0.5133916445524296,0.5181963932633564,50,47
2019,SDP,PS,0.5345215028947297,0.49956826116582076,0.529484206584935,0.5368832880575947,50,42
2019,VIHR,KESK,0.5302649565377362,0.49758158788881784,0.5234256553012375,0.5310190698297146,28,57
2019,VIHR,RKP,0.5171366188040734,0.49606125082473274,0.5063791965517145,0.5218992296033658,28,11
2019,VIHR,KD,0.5179739238830646,0.4992345132370184,0.5055032970674618,0.517595274035064,28,5
2019,VIHR,KOK,0.532698519964539,0.496497206112425,0.5277831225689968,0.5369063642643505,28,47
2019,VIHR,PS,0.5523932866546128,0.4987474923563321,0.5456143499862511,0.5543844597864498,28,42
2019,KESK,RKP,0.5229359434709964,0.4927928912505095,0.5117001230415142,0.5278525009638898,57,11
2019,KESK,KD,0.502958043387113,0.4877429338199484,0.49199123611099455,0.503722826073939,57,5
2019,KESK,KOK,0.5204692786991169,0.5000349100314849,0.5159810728449161,0.5230262509739761,57,47
2019,KESK,PS,0.5413221931136842,0.49857309563474295,0.5375831960530261,0.5461957737448331,57,42
2019,RKP,KD,0.5083639563027051,0.4733347304257953,0.4945166777785507,0.5098502099142829,11,5
2019,RKP,KOK,0.5269370894365255,0.49827716566025493,0.5150855533000108,0.5298951427723338,11,47
2019,RKP,PS,0.5349060156229752,0.4908240345019108,0.5195499930758422,0.5412443076452446,11,42
2019,KD,KOK,0.49593257566906424,0.4926419369946965,0.48454210197914505,0.5010078159860146,5,47
2019,KD,PS,0.5035196843030116,0.4917749301814044,0.49323434980689557,0.5074376856581602,5,42
2019,KOK,PS,0.5205694709418285,0.4973083232188688,0.5161906318819184,0.5222920808226111,47,42
2020,VAS,SDP,0.5020243432998065,0.5005461786691228,0.4952234154585679,0.5056921863065614,16,40
2020,VAS,VIHR,0.509124478243708,0.49297159247305244,0.5019213749859861,0.5099732556440629,16,20
2020,VAS,KESK,0.5086484266545552,0.49651515753477604,0.5001105201090869,0.512598397771684,16,31
2020,VAS,RKP,0.5135901275436929,0.4860545239158708,0.4992010911458688,0.5136756295053058,16,8
2020,VAS,KD,0.5077841158086772,0.48700216577486527,0.4926796029486505,0.5117504032270793,16,5
2020,VAS,KOK,0.5177459618409094,0.4940251595203233,0.5086091272805988,0.523509731452049,16,38
2020,VAS,PS,0.5310823376906872,0.4945938848234429,0.5199262333164476,0.5350852680128317,16,36
2020,SDP,VIHR,0.522645072535435,0.49782248890703057,0.5150764543842943,0.5251960259131053,40,20
2020,SDP,KESK,0.5084197330503127,0.5019497513198854,0.5052290887415973,0.5089986340406097,40,31
2020,SDP,RKP,0.5146413462907096,0.48910547122218073,0.5002595249688935,0.516747791408587,40,8
2020,SDP,KD,0.5085861906991769,0.4798208784701166,0.4954970686031945,0.5073204545845791,40,5
2020,SDP,KOK,0.5198243658313701,0.49882757230325303,0.5163335801748667,0.5217567735456712,40,38
2020,SDP,PS,0.5375375971280033,0.49804204670683583,0.5318705296611356,0.5388755302553008,40,36
2020,VIHR,KESK,0.5270334508283782,0.4981873271385087,0.5198084197962164,0.5304272335357704,20,31
2020,VIHR,RKP,0.5135383580524908,0.48954498459694834,0.4990415971296045,0.5152794068574705,20,8
2020,VIHR,KD,0.5354193034642661,0.4871065156877775,0.5131667857584968,0.5348633599900803,20,5
2020,VIHR,KOK,0.5395959052113914,0.4979850197331543,0.5315891615052489,0.5398828132141067,20,38
2020,VIHR,PS,0.5546469376327945,0.4958840584880161,0.5462617023098285,0.5579604724472075,20,36
2020,KESK,RKP,0.5159406719634391,0.492372564120063,0.5038875822448274,0.5154975998756124,31,8
2020,KESK,KD,0.5114590261370072,0.4843695546654193,0.4968975636438901,0.5106574152322687,31,5
2020,KESK,KOK,0.5163182224080887,0.49822568346129636,0.5130497149299764,0.5183397485457879,31,38
2020,KESK,PS,0.5313211682773874,0.50044309617005,0.5259387786303003,0.5341344726412374,31,36
2020,RKP,KD,0.5122457390601842,0.47991998772560485,0.4941965826942177,0.5085690272809883,8,5
2020,RKP,KOK,0.5271677927770672,0.49327773193660396,0.5148196950519873,0.5314156310870123,8,38
2020,RKP,PS,0.5295405362924781,0.48855286488253347,0.5165099154298058,0.5326777423370916,8,36
2020,KD,KOK,0.5027413730970534,0.49068820684482034,0.4880734009436988,0.5023288790461656,5,38
2020,KD,PS,0.5095794686189955,0.4860831564299871,0.49222567933649614,0.5128675547856341,5,36
2020,KOK,PS,0.516606568185459,0.4979967394184235,0.5130351436903171,0.5188756952850482,38,36
2021,VAS,SDP,0.5082154975438898,0.4940874188699424,0.5005442518751614,0.5102387361874848,17,40
2021,VAS,VIHR,0.5062090215561756,0.4949806969104208,0.499318250919833,0.5082552458735818,17,20
2021,VAS,KESK,0.5137872647007693,0.4956913127398831,0.505059357883968,0.5167936221865048,17,30
2021,VAS,RKP,0.5063604307558898,0.4833283718468201,0.4946989498545044,0.5107227626255296,17,8
2021,VAS,KD,0.514272587220733,0.48292166185154994,0.5035044913458703,0.5122293679264535,17,5
2021,VAS,KOK,0.5252998002027699,0.4986940390082637,0.5154981730387128,0.5282298012344488,17,40
2021,VAS,PS,0.5512804516487396,0.4959879243167602,0.5404514518729727,0.554308133376752,17,37
2021,SDP,VIHR,0.5179094211714524,0.4987594443291376,0.5116365360021382,0.5221191902828001,40,20
2021,SDP,KESK,0.5070334632681113,0.49565900993960355,0.503327601584989,0.5087021750524374,40,30
2021,SDP,RKP,0.5076161072537249,0.4904999838182671,0.4933251097030769,0.5082624995631946,40,8
2021,SDP,KD,0.5105638858626974,0.48858402071668106,0.4981690476360116,0.5101993176889107,40,5
2021,SDP,KOK,0.521578539446597,0.49940342777527647,0.5171788933815539,0.5245008787879437,40,40
2021,SDP,PS,0.5530302026875089,0.4991897776574798,0.5484183247255603,0.5561982778138939,40,37
2021,VIHR,KESK,0.5272778271129059,0.4982014060137099,0.5196374248525006,0.5313411683371517,20,30
2021,VIHR,RKP,0.5084750229695263,0.48873191656206044,0.4981109614410422,0.5125354353256492,20,8
2021,VIHR,KD,0.527466302251687,0.4879852541915991,0.5181469498092879,0.5268382690288921,20,5
2021,VIHR,KOK,0.542346301343988,0.4983646569972797,0.5341191296867236,0.5454853235181296,20,40
2021,VIHR,PS,0.5686627996303433,0.49790589930472684,0.5605931797581781,0.5726767763629902,20,37
2021,KESK,RKP,0.5080964139087444,0.4873942702105555,0.49662301182036406,0.5098388086221901,30,8
2021,KESK,KD,0.5067840646335544,0.4863563059910604,0.49542205097036046,0.5077481648807048,30,5
2021,KESK,KOK,0.5169831229034741,0.49693273065903765,0.5144033526544304,0.5205462152813679,30,40
2021,KESK,PS,0.5463071009655357,0.49644326414117895,0.5404277880015681,0.5497302964825762,30,37
2021,RKP,KD,0.5071525500105953,0.48082432137498743,0.49188882203676126,0.5033519140344975,8,5
2021,RKP,KOK,0.5197600173940241,0.4910302767146072,0.5059743499223824,0.520999024233822,8,40
2021,RKP,PS,0.5415932868765859,0.4903063360527568,0.5247669625810284,0.5382306131828183,8,37
2021,KD,KOK,0.49466925880428425,0.4830458871008913,0.4834149523010258,0.49607915518760554,5,40
2021,KD,PS,0.5119572390208535,0.4866464583579337,0.4982655546604943,0.5121422965624061,5,37
2021,KOK,PS,0.5298092999158717,0.4996146942104993,0.5257371500457958,0.5319890350552312,40,37
2022,VAS,SDP,0.49909119763418935,0.4982537177097303,0.4929433723005964,0.503213590207925,16,39
2022,VAS,VIHR,0.5069703117909112,0.4962572780791739,0.4994627159431379,0.5072738423678149,16,20
2022,VAS,KESK,0.5134558615814481,0.4977836777265957,0.5068293790607431,0.5188277123955533,16,29
2022,VAS,RKP,0.5093996468812605,0.48959460965554125,0.4956479146399865,0.5111903836675042,16,8
2022,VAS,KD,0.5075781073261655,0.4935735594408467,0.4963358286204887,0.5078813015672712,16,5
2022,VAS,KOK,0.516898480623448,0.4999963232065684,0.5082186060823993,0.5193400820739854,16,38
2022,VAS,PS,0.5313395346370844,0.4975106987853761,0.5222368479419993,0.5319287510307069,16,36
2022,SDP,VIHR,0.5123745442947139,0.49719694428291084,0.5065153242379036,0.5154795859905116,39,20
2022,SDP,KESK,0.5105366569434311,0.49699398888123664,0.506826449489997,0.5119351749421129,39,29
2022,SDP,RKP,0.512277618160806,0.48842660097682167,0.5006922621514525,0.5164771080096154,39,8
2022,SDP,KD,0.5089020711768095,0.4885393359768848,0.4978700727857082,0.5077224100878195,39,5
2022,SDP,KOK,0.5221046615965569,0.4973746207634039,0.5179273782437656,0.5251948499348318,39,38
2022,SDP,PS,0.5397571315196541,0.49922223458813164,0.5368969315472152,0.5433040003861549,39,36
2022,VIHR,KESK,0.5219031963132045,0.49632681481886143,0.5155285832953608,0.5251978273530079,20,29
2022,VIHR,RKP,0.5101486882627407,0.4934134759568514,0.4975496448036458,0.5112435867931348,20,8
2022,VIHR,KD,0.5173463599460462,0.48116464109982193,0.5059507232488966,0.5159136298439445,20,5
2022,VIHR,KOK,0.5318588552180534,0.4975882920089488,0.5248949940632069,0.5349405875720301,20,38
2022,VIHR,PS,0.5509348814637813,0.4990244066083263,0.5436176850588629,0.5523839727134106,20,36
2022,KESK,RKP,0.5156271868326611,0.49267154437877053,0.5036210675725359,0.5189234038130034,29,8
2022,KESK,KD,0.5068874457248369,0.48036984815959627,0.4942407735876421,0.507443975266386,29,5
2022,KESK,KOK,0.517951410227989,0.49633142861399127,0.5137683696771846,0.5205517321323639,29,38
2022,KESK,PS,0.5321316919679542,0.500133613827625,0.5281452293299698,0.5346722629170254,29,36
2022,RKP,KD,0.5087038452270147,0.4771151292240531,0.4911016428347957,0.5070350249087552,8,5
2022,RKP,KOK,0.5209902515017883,0.4908285148163858,0.5093995810732223,0.5244388997926315,8,38
2022,RKP,PS,0.5284870556692491,0.4925738207942721,0.5116080067956007,0.5378762501875275,8,36
2022,KD,KOK,0.4958962290358584,0.49409982194629787,0.4857046590370026,0.496131646475451,5,38
2022,KD,PS,0.5007463247344405,0.4880911307955131,0.4865652234596061,0.5046715947165793,5,36
2022,KOK,PS,0.5140422342780039,0.49901591437084825,0.5114252815905337,0.5165383518258966,38,36
2023,VAS,SDP,0.5147472961722548,0.49711754967364685,0.5075763936284756,0.5159595706018079,17,53
2023,VAS,VIHR,0.516501523325655,0.4996842991911983,0.5097445490767472,0.5202112209336117,17,20
2023,VAS,KESK,0.5363173923756905,0.49531512068213607,0.529214802016055,0.5395570483410828,17,32
2023,VAS,RKP,0.54680830066853,0.49207222222509617,0.5318499332059666,0.5546433960911639,17,10
2023,VAS,KD,0.5200799114658831,0.47935917279116314,0.5045441655163155,0.5161011659548262,17,6
2023,VAS,KOK,0.540376038844905,0.4951667342049773,0.5308798976997895,0.5453140882299986,17,54
2023,VAS,PS,0.5367410524989381,0.4978440186461725,0.5283389085630859,0.5394736776240846,17,54
2023,SDP,VIHR,0.5253674919469168,0.49531336904806444,0.5177830504603097,0.5263907696625473,53,20
2023,SDP,KESK,0.5203599744671628,0.49710456003138015,0.5166784879451135,0.5222550751860476,53,32
2023,SDP,RKP,0.5462811754779481,0.4951764386240046,0.5293187784387846,0.5509172836342375,53,10
2023,SDP,KD,0.5106124998395067,0.491315180946002,0.49026072158897527,0.5049437562770103,53,6
2023,SDP,KOK,0.5296307885626534,0.5005235066533692,0.5270173031706794,0.5314119572499307,53,54
2023,SDP,PS,0.5288374737665442,0.49754095370868207,0.5255463054263162,0.529554771650708,53,54
2023,VIHR,KESK,0.5275386597877191,0.4975948198391905,0.5207042969008179,0.5291909808376901,20,32
2023,VIHR,RKP,0.5295929605631021,0.4816820208737509,0.509995529196984,0.536820930811023,20,10
2023,VIHR,KD,0.513032014193574,0.4902352863335703,0.49679670980151924,0.5090669589060747,20,6
2023,VIHR,KOK,0.5294806419674654,0.4985257017842626,0.5229644614240454,0.5341190813862733,20,54
2023,VIHR,PS,0.5430916632184024,0.49669630136667353,0.5330260996350645,0.5450602306755433,20,54
2023,KESK,RKP,0.541142435528948,0.4904138638626481,0.5270380938243336,0.54554275023662,32,10
2023,KESK,KD,0.5063942429491037,0.49714573737396506,0.4916179175773542,0.5082640684793949,32,6
2023,KESK,KOK,0.5207988663936925,0.49985453315694905,0.5173887349910413,0.5220380009862388,32,54
2023,KESK,PS,0.5262398547412694,0.4982451431508697,0.5222642842828864,0.5279322722858688,32,54
2023,RKP,KD,0.5061408360771371,0.4904585274094043,0.48810920922798035,0.5068166821783799,10,6
2023,RKP,KOK,0.5298748282732145,0.4932633597445808,0.5142329609103725,0.5352487991415936,10,54
2023,RKP,PS,0.5395713737072827,0.489788295418755,0.5228491512434951,0.5476405370358488,10,54
2023,KD,KOK,0.4951438041835322,0.48311601045054103,0.4797026715376385,0.4956846557214965,6,54
2023,KD,PS,0.49914574535737827,0.49228338824366374,0.48104151165409287,0.5015333188754919,6,54
2023,KOK,PS,0.5153076632360598,0.4973062182567176,0.5120720013018781,0.5161915435218644,54,54
2024,VAS,SDP,0.5135470362510666,0.4974369722997152,0.5054675036576017,0.515178901824309,14,43
2024,VAS,VIHR,0.519140514342926,0.4953770270425193,0.5113493347708252,0.5199448813045433,14,14
2024,VAS,KESK,0.5412836810514261,0.49255466735022435,0.5325266044177183,0.5420452467253656,14,24
2024,VAS,RKP,0.541465712274725,0.49019796797502335,0.5250994456982571,0.545016723150369,14,9
2024,VAS,KD,0.5314967887195668,0.4829068181381119,0.5164751550119231,0.5289090720893551,14,5
2024,VAS,KOK,0.5548410133436006,0.49460521519626477,0.5474466406083434,0.5574785418904501,14,49
2024,VAS,PS,0.5569830625655716,0.5003548752020996,0.5502208775219424,0.5598137124149678,14,47
2024,SDP,VIHR,0.521804154106472,0.4960627415820165,0.5147210812305681,0.523310577785814,43,14
2024,SDP,KESK,0.5218110481142328,0.49699458264683427,0.5173892921291705,0.5238174300942443,43,24
2024,SDP,RKP,0.5293675999733961,0.49411500557433413,0.5169309467905042,0.5340760205314982,43,9
2024,SDP,KD,0.5135183151982188,0.48600419081953494,0.4981040912667907,0.5182448660481753,43,5
2024,SDP,KOK,0.5340862060682221,0.4972980620130427,0.5304786936696501,0.5357777831539591,43,49
2024,SDP,PS,0.5398425492080698,0.49945038685721355,0.5367033772718156,0.5423364576004515,43,47
2024,VIHR,KESK,0.536271185263434,0.49924705266599767,0.5290442383585069,0.5374566913920514,14,24
2024,VIHR,RKP,0.5265507611313621,0.49100369797012505,0.5081492116949751,0.5340749316201352,14,9
2024,VIHR,KD,0.5188121094668162,0.48702456127488036,0.5056473206633582,0.5213968912504326,14,5
2024,VIHR,KOK,0.5438235705916433,0.4976660864799972,0.5374078883963332,0.5454180508260671,14,49
2024,VIHR,PS,0.5535962475400285,0.49541501599248294,0.5458840371443892,0.551459843162662,14,47
2024,KESK,RKP,0.5310194560061943,0.4965184397365035,0.5193041904667706,0.5325287249848567,24,9
2024,KESK,KD,0.5139829480802599,0.4943075977789448,0.4998450563466016,0.5197623889043584,24,5
2024,KESK,KOK,0.5427629777030472,0.49588907419592576,0.5379928522104162,0.5456757670730966,24,49
2024,KESK,PS,0.5429591854643094,0.49939611764569325,0.5381296117201105,0.5454728468220529,24,47
2024,RKP,KD,0.49263826677803924,0.48514166318656265,0.4796824079748839,0.49832012426667754,9,5
2024,RKP,KOK,0.515492396476962,0.49591087560359226,0.5016727489879511,0.5213843966026036,9,49
2024,RKP,PS,0.5231393994253263,0.4907864767657043,0.5111458221475212,0.528694564844283,9,47
2024,KD,KOK,0.4908381776709453,0.4783057411441419,0.4749149495813259,0.4977496109584816,5,49
2024,KD,PS,0.4954175068799569,0.4842157313004336,0.48125952323292953,0.5025912432132501,5,47
2024,KOK,PS,0.5121319982557778,0.4999244686668278,0.5096368732251406,0.5141119011695882,49,47
2025,VAS,SDP,0.519554174239744,0.49703940258791834,0.510955155652909,0.5211282704649169,11,44
2025,VAS,VIHR,0.5114707790855292,0.4926778584858642,0.5008095012120637,0.5146417913687308,11,13
2025,VAS,KESK,0.5419026697544367,0.49314110363555713,0.5309565028108405,0.541031899214813,11,23
2025,VAS,RKP,0.5585121629072145,0.48769077061455984,0.5311984800042774,0.5515152623409455,11,8
2025,VAS,KD,0.5397654704816635,0.47947795138566557,0.5256619832895605,0.5397271239650582,11,5
2025,VAS,KOK,0.5551705924098959,0.493773650164095,0.5404648752380243,0.5563288142469983,11,47
2025,VAS,PS,0.5564708502656045,0.4989408326813962,0.5459317755099897,0.5607208450728043,11,45
2025,SDP,VIHR,0.5164570645537434,0.4943058532215758,0.5071053602072662,0.5190341377189298,44,13
2025,SDP,KESK,0.5196556589204436,0.5003733084535731,0.5155759967533821,0.5208080902757047,44,23
2025,SDP,RKP,0.545335546778155,0.4990683595211839,0.5251802535907157,0.5392481191768104,44,8
2025,SDP,KD,0.5236620978033587,0.47902004706665957,0.5138246545107517,0.527532618169702,44,5
2025,SDP,KOK,0.5361177767163166,0.49789765418417065,0.5314525267114107,0.5382229400492369,44,47
2025,SDP,PS,0.5429104416147681,0.4990376077135085,0.540322212776258,0.5469634021200722,44,45
2025,VIHR,KESK,0.5282304464794242,0.4966186136509466,0.5198042940379105,0.5298919873111506,13,23
2025,VIHR,RKP,0.5330460248462277,0.4939840479195139,0.5116328586930978,0.5273916928407199,13,8
2025,VIHR,KD,0.5233272022316191,0.48323100375848027,0.5119148873835634,0.5268296002808402,13,5
2025,VIHR,KOK,0.5364062615022082,0.4959724325184426,0.5289932911153647,0.5356131111665556,13,47
2025,VIHR,PS,0.5453646141030084,0.49876772185084056,0.5374425244075326,0.5453644535325198,13,45
2025,KESK,RKP,0.5356242689396069,0.4850786825558251,0.512662514062916,0.5290222128197205,23,8
2025,KESK,KD,0.5217234225679142,0.48463530380296416,0.5077791213872817,0.5306627172830167,23,5
2025,KESK,KOK,0.5348463536201115,0.4990701451053118,0.5300979603167308,0.5371430080987023,23,47
2025,KESK,PS,0.5430506359994678,0.4945130983710023,0.5373417772903576,0.546772890413833,23,45
2025,RKP,KD,0.5054172223692447,0.4797919101547877,0.4889557732973211,0.504891621557522,8,5
2025,RKP,KOK,0.5306932661371578,0.493352498908597,0.513086730538528,0.5247410560042405,8,47
2025,RKP,PS,0.5467076901376933,0.4937140605224442,0.5288536955462926,0.5395935020253121,8,45
2025,KD,KOK,0.5017989635994473,0.4845062597601658,0.4912938120682448,0.5087502839725082,5,47
2025,KD,PS,0.508480021724772,0.4858254295229707,0.49868861626740674,0.5183271109615224,5,45
2025,KOK,PS,0.5148219708129369,0.49865505743782046,0.5127217550512136,0.5177260196750919,47,45
2026,VAS,SDP,0.5209908990230305,0.5013256974168555,0.5084071146057275,0.5218553123938516,11,42
2026,VAS,VIHR,0.5105052311679366,0.49295106392373766,0.4991979780361775,0.5155772797790479,11,13
2026,VAS,KESK,0.550441333403455,0.49425768825226246,0.5389644209369059,0.5522557358056558,11,23
2026,VAS,RKP,0.5351273953494364,0.4967974446206594,0.5117750910869534,0.5298823071828834,11,8
2026,VAS,KD,0.5176142028244078,0.4895428900054331,0.5030912122769704,0.5196326947250646,11,5
2026,VAS,KOK,0.5522166287313583,0.49101302172474254,0.5384359842848598,0.5550951505735671,11,48
2026,VAS,PS,0.5505687210379707,0.4928512134129991,0.5355962586358215,0.5532606504193418,11,43
2026,SDP,VIHR,0.5121912346330911,0.4971871594308701,0.5043886714857015,0.512369447771985,42,13
2026,SDP,KESK,0.5155479648299081,0.49969275741217184,0.5105389346558152,0.5195421688750308,42,23
2026,SDP,RKP,0.5176518518604409,0.49217338540894584,0.504207875739094,0.516186977794591,42,8
2026,SDP,KD,0.4993220277920035,0.48106559863994114,0.48885682896172883,0.500840584465933,42,5
2026,SDP,KOK,0.5259467515965601,0.4988708756647696,0.5205568472630246,0.5304907023523978,42,48
2026,SDP,PS,0.5377613980486733,0.49768873151723814,0.5317051961741098,0.5401891611334466,42,43
2026,VIHR,KESK,0.5356035101524115,0.49174414995577054,0.5273330540162507,0.5353532229037773,13,23
2026,VIHR,RKP,0.5179706291835873,0.4911943686943131,0.5024160938431679,0.5192941380775592,13,8
2026,VIHR,KD,0.5081182321201947,0.48548493340932,0.4965828167680009,0.5106703790157969,13,5
2026,VIHR,KOK,0.5355042062695212,0.4948959420257541,0.5267417261987226,0.5359444898676023,13,48
2026,VIHR,PS,0.5426802884958655,0.4946404574024897,0.5346202325691978,0.5446902339114831,13,43
2026,KESK,RKP,0.5214943205329264,0.49325845431886695,0.5087523262082393,0.5275097383519123,23,8
2026,KESK,KD,0.5071920635855969,0.4866044279049219,0.49318180291657193,0.5108124865272506,23,5
2026,KESK,KOK,0.5374529448066792,0.49963665159457893,0.5307041922674226,0.5392294648963292,23,48
2026,KESK,PS,0.5415297649246325,0.4984628961251838,0.5335943507054806,0.5442459680774312,23,43
2026,RKP,KD,0.4967721350653276,0.4834326352818402,0.4825677178334849,0.49558127395212187,8,5
2026,RKP,KOK,0.5147031551107197,0.49196568538800245,0.49997032278253134,0.5187986411732161,8,48
2026,RKP,PS,0.5132677120431377,0.49170142429047603,0.5036228516449733,0.5167894776404011,8,43
2026,KD,KOK,0.4849450699192045,0.4893317330011839,0.4727082420189426,0.49177607688984903,5,48
2026,KD,PS,0.49195629150069203,0.4757219950291796,0.4821314289102612,0.5004184063146087,5,43
2026,KOK,PS,0.5080138583669042,0.5037903536131421,0.5034986811398706,0.5119831241705022,48,43
