term,a,b,pi,pi_random,sub_lo,sub_hi,n_a,n_b
2015-2019,VAS,SDP,0.49980993411368646,0.5012690180313734,0.49512625530448906,0.5021253618524546,12,37
2015-2019,VAS,VIHR,0.5040589506727153,0.49897822626771193,0.500081296241578,0.5053656417084814,12,15
2015-2019,VAS,KESK,0.5257104241442071,0.5040268080998405,0.5192270973532069,0.5291480377968952,12,53
2015-2019,VAS,RKP,0.5189056755789462,0.49395448427737765,0.5113775093825369,0.5180558488182224,12,10
2015-2019,VAS,KD,0.5045440312020583,0.4850136756561543,0.4921355565105247,0.5046351890391304,12,5
2015-2019,VAS,KOK,0.5175873409341715,0.49520799715863073,0.5113469123781802,0.5194393643793441,12,42
2015-2019,VAS,PS,0.5208849386433924,0.49165720107256305,0.5125749820620672,0.526527767754827,12,37
2015-2019,SDP,VIHR,0.5138598557269969,0.4959947333067071,0.5105862770167431,0.5145725937530681,37,15
2015-2019,SDP,KESK,0.5243828971039993,0.49947286919454037,0.5217154721599718,0.5261108066107281,37,53
2015-2019,SDP,RKP,0.5276680652805721,0.4933043419194338,0.5197543550372499,0.526736062309334,37,10
2015-2019,SDP,KD,0.5063902565922085,0.48593356738150284,0.49853343803550754,0.50678922097806,37,5
2015-2019,SDP,KOK,0.5198411788402302,0.5006514779056556,0.5174346562358568,0.5214129676980794,37,42
2015-2019,SDP,PS,0.5248110379536699,0.503884297689829,0.5225376658453745,0.526521381912771,37,37
2015-2019,VIHR,KESK,0.5362023576083543,0.4989168137172224,0.5324901697062852,0.5376230092226009,15,53
2015-2019,VIHR,RKP,0.5237987159698878,0.4965020610971493,0.5156725554755079,0.5246735171322255,15,10
2015-2019,VIHR,KD,0.5149171251138855,0.4887261673973595,0.5046450425371031,0.5129381589514452,15,5
2015-2019,VIHR,KOK,0.5254930961504622,0.4932906703026628,0.5204464834016845,0.5268195153579082,15,42
2015-2019,VIHR,PS,0.5325029698645625,0.49977957361549685,0.5277061602581653,0.5348491882803122,15,37
2015-2019,KESK,RKP,0.5391399389460458,0.4914071429934867,0.5305347618130574,0.5377112394918301,53,10
2015-2019,KESK,KD,0.5173543986808229,0.5000786506939862,0.5088760737401363,0.5161631312763243,53,5
2015-2019,KESK,KOK,0.5091175870013607,0.4997165334673238,0.5066086602835849,0.5102663307470768,53,42
2015-2019,KESK,PS,0.5195474742407953,0.4991057148769982,0.516948429757663,0.5208259447322462,53,37
2015-2019,RKP,KD,0.5153038443899614,0.48349296531852853,0.4998673622385175,0.5175960094383616,10,5
2015-2019,RKP,KOK,0.534213130337005,0.4934461303867722,0.5247391968049051,0.5358575800305806,10,42
2015-2019,RKP,PS,0.5374758357724466,0.49211785943125647,0.5290167618473789,0.5373225987208801,10,37
2015-2019,KD,KOK,0.5118308638355482,0.48047300965904766,0.5043201654244744,0.5093711565390863,5,42
2015-2019,KD,PS,0.5096850629797762,0.4879145346331063,0.5024204185086945,0.5091156757041063,5,37
2015-2019,KOK,PS,0.5138795377420868,0.4999386366808065,0.5112059009351722,0.5156974464335609,42,37
2019-2023,VAS,SDP,0.5051785140992308,0.500369573837296,0.5015406037753902,0.5087451336732955,18,40
2019-2023,VAS,VIHR,0.5117691696809308,0.4940174629950615,0.5065702814984802,0.5145531210561611,18,20
2019-2023,VAS,KESK,0.5137227637337622,0.49620194864204636,0.5083594389418382,0.5164218565588314,18,32
2019-2023,VAS,RKP,0.5207316823681444,0.49876491865680217,0.5088828915687289,0.524795094535294,18,8
2019-2023,VAS,KD,0.5183249691748358,0.49134065365983615,0.5062686560103653,0.5160801475263883,18,5
2019-2023,VAS,KOK,0.521695392471849,0.49753791613039866,0.5155328007405111,0.5246269055418632,18,41
2019-2023,VAS,PS,0.5408996004042438,0.4988211791503933,0.533911833193447,0.5452488712974443,18,43
2019-2023,SDP,VIHR,0.5194878119293167,0.5032923896960692,0.5153118822845045,0.5212880034415885,40,20
2019-2023,SDP,KESK,0.508817297736281,0.4983219631858864,0.5066689925429583,0.509507745010027,40,32
2019-2023,SDP,RKP,0.5218835260390841,0.49739120443317497,0.5093149712634885,0.5268850529803581,40,8
2019-2023,SDP,KD,0.5159036588374692,0.4937930945800166,0.5047824424774198,0.5143305665088347,40,5
2019-2023,SDP,KOK,0.5196031397423511,0.4985423830883977,0.5176059556302828,0.5208259780509392,40,41
2019-2023,SDP,PS,0.5421138650929423,0.4982731130815713,0.5389387848318987,0.5451655505697042,40,43
2019-2023,VIHR,KESK,0.5293894866710476,0.49882296324666603,0.5241707062905653,0.5338942374276534,20,32
2019-2023,VIHR,RKP,0.5178724171080872,0.5052432353486517,0.5053242184336252,0.521892832863694,20,8
2019-2023,VIHR,KD,0.5365783806353583,0.5007571893576943,0.5238003743545769,0.5385453294948397,20,5
2019-2023,VIHR,KOK,0.5379705184699265,0.49433319505890794,0.5311256293783921,0.5424442967829576,20,41
2019-2023,VIHR,PS,0.5632691712430111,0.5039238689525752,0.5588279709755969,0.5676554104481256,20,43
2019-2023,KESK,RKP,0.5232977060553579,0.4993720464314821,0.5122664651509771,0.5273093387935588,32,8
2019-2023,KESK,KD,0.5181917002725263,0.48845783574114365,0.5056579439803107,0.5176500620032344,32,5
2019-2023,KESK,KOK,0.5178315425049005,0.49961600144094476,0.5147253418150229,0.5190834911854362,32,41
2019-2023,KESK,PS,0.5385757554939572,0.4987984983517624,0.5347865879105289,0.5434745496591372,32,43
2019-2023,RKP,KD,0.5262990905432982,0.4734731490299491,0.5074821929452071,0.5231454514421585,8,5
2019-2023,RKP,KOK,0.5334987310641301,0.4947719691797505,0.5185596115441136,0.5348660269943293,8,41
2019-2023,RKP,PS,0.5468794298435904,0.4901659188333914,0.5305314517268904,0.5487754690213328,8,43
2019-2023,KD,KOK,0.5029546835967901,0.48835560685448753,0.4923329841788005,0.504891232910795,5,41
2019-2023,KD,PS,0.5145394116302545,0.49112611280371676,0.4989077851052334,0.5170623076906249,5,43
2019-2023,KOK,PS,0.5207618015528579,0.4984632600235717,0.5183982953100693,0.5226472807880103,41,43
2023-2027,VAS,SDP,0.5161893992171285,0.5055935938736775,0.5117204150110559,0.5182749909678671,14,46
2023-2027,VAS,VIHR,0.5171348431642813,0.49384941347946865,0.5095933533673196,0.5181359252230513,14,15
2023-2027,VAS,KESK,0.5412289563486425,0.49838996984113004,0.5372678543605189,0.5430108215899224,14,26
2023-2027,VAS,RKP,0.5685282026563239,0.48633290244950783,0.5540057638975243,0.5722416020820275,14,9
2023-2027,VAS,KD,0.5339617822052216,0.4795961748284553,0.5232792734855183,0.5306289060165444,14,5
2023-2027,VAS,KOK,0.555319770778281,0.49480438825533046,0.5493610268715182,0.5574059183189396,14,52
2023-2027,VAS,PS,0.5570394654822001,0.4999463816242721,0.5511755206939861,0.5615296198361079,14,47
2023-2027,SDP,VIHR,0.5213450816902417,0.5003641185648264,0.5175149837382356,0.5233596282250819,46,15
2023-2027,SDP,KESK,0.5184570921693838,0.4995717727819502,0.5158311270344695,0.5211840547208394,46,26
2023-2027,SDP,RKP,0.5505525587751581,0.486384809009587,0.5377946382659716,0.5510253873121181,46,9
2023-2027,SDP,KD,0.5162758992122546,0.49226995373687044,0.50576712869376,0.519594423439035,46,5
2023-2027,SDP,KOK,0.5317698331984078,0.504712648795904,0.5289749830378243,0.5351570567148879,46,52
2023-2027,SDP,PS,0.5387726032863698,0.5013744398164579,0.5364584372745959,0.5404894399446624,46,47
2023-2027,VIHR,KESK,0.5354130073202056,0.5040297211268228,0.530797200196528,0.5369232393560975,15,26
2023-2027,VIHR,RKP,0.54474036199985,0.5003773474388558,0.5323979738817083,0.5465474933197714,15,9
2023-2027,VIHR,KD,0.5201200817228834,0.4699567148735804,0.50957570214688,0.5176875032177265,15,5
2023-2027,VIHR,KOK,0.544315389299784,0.500553934369768,0.5418011631598462,0.5471789086770119,15,52
2023-2027,VIHR,PS,0.5529227802614364,0.49377777397773703,0.5501772067572238,0.5558329760256467,15,47
2023-2027,KESK,RKP,0.5471965838238568,0.4943222752193407,0.5340747784542623,0.5486602744952314,26,9
2023-2027,KESK,KD,0.5140757161742604,0.49791394666876754,0.5023398939851984,0.5195296097573727,26,5
2023-2027,KESK,KOK,0.5366554866646516,0.49658976874812893,0.5342657685620904,0.5390450024583521,26,52
2023-2027,KESK,PS,0.5397726947756698,0.49845977273211495,0.5351199213796417,0.5423648784007775,26,47
2023-2027,RKP,KD,0.5013795734497395,0.4702717258408807,0.48631467483243657,0.5016675974658318,9,5
2023-2027,RKP,KOK,0.5344877559162784,0.499866877673786,0.5224526889488378,0.5351504404315343,9,52
2023-2027,RKP,PS,0.5471656568025256,0.49902130168542463,0.5332886468027085,0.5473206664387107,9,47
2023-2027,KD,KOK,0.4897568732421313,0.48725514387608615,0.48068323787678197,0.49729234992246246,5,52
2023-2027,KD,PS,0.4990058532800957,0.48191580071190676,0.4891704260638443,0.509294186044626,5,47
2023-2027,KOK,PS,0.513713588000897,0.4993599270635085,0.5113546686791658,0.5163199741575237,52,47
