term,series,rep,accuracy,balanced_accuracy,macro_f1,n_speeches,n_mps,polarisation
2015-2019,real,0,0.2591863176988857,0.25183384495736083,0.22786105879712218,38590,167,0.4066771106206407
2015-2019,real,1,0.2429029671210906,0.23379154980545125,0.21260060651242074,37410,167,0.35298518274203755
2015-2019,real,2,0.2633490554140288,0.2569235798854794,0.23326930275716817,39647,168,0.41525505398540197
2015-2019,real,3,0.2559198077021429,0.24642526786225433,0.22414126860424496,39106,167,0.3950280544432572
2015-2019,real,4,0.2561006100610061,0.23898045247038574,0.2205945247527426,39996,168,0.3672201308982461
2015-2019,real,5,0.25579095309978656,0.24460463470948857,0.22118145001590375,38422,168,0.37476271474375367
2015-2019,real,6,0.26077410130718953,0.2470253542520768,0.22701688073072784,39168,168,0.3991569736199211
2015-2019,real,7,0.2618049734562727,0.24978248990875554,0.22696760512197808,39369,169,0.3765267687917612
2015-2019,random,8,0.1402675510089371,0.1330296049743332,0.12206754086981833,35582,167,-0.024208918176123865
2015-2019,random,9,0.15836211149481993,0.15477977260195547,0.13832917463970795,38513,167,0.130015346215583
2015-2019,random,10,0.13099099099099099,0.10728808685624013,0.10640342760900791,38850,167,-0.11167985176779129
2015-2019,random,11,0.13845392251374378,0.12028090602075457,0.1170736432762459,38381,167,-0.029470463944087706
2019-2023,real,0,0.29119396489191934,0.2866643521743526,0.25292382939491953,34465,164,0.46883570153914894
2019-2023,real,1,0.30028457598178715,0.27250734749430694,0.2525459132669459,35140,165,0.4387839719311068
2019-2023,real,2,0.28847891346798404,0.267602334212992,0.24922017406088048,34311,164,0.4317570307328685
2019-2023,real,3,0.30688297184505964,0.2806819959351673,0.2606409269815303,34026,164,0.45485326093606
2019-2023,real,4,0.30085901677404375,0.27615540452754406,0.25842197461763305,34458,164,0.45913377011498124
2019-2023,real,5,0.2936834929009693,0.28486045389041387,0.2515665141000982,33737,164,0.46723510093563564
2019-2023,real,6,0.3036720701876707,0.2808870926185175,0.25881037827281356,34422,165,0.468911061719952
2019-2023,real,7,0.2766935280785696,0.25899607913022116,0.240579315728046,31768,164,0.4164220715637464
2019-2023,random,8,0.13921528408591438,0.12483955622712925,0.11732624096878844,34127,165,0.017664562798885203
2019-2023,random,9,0.13133359149265736,0.1330682425953682,0.11796112443559034,33571,165,0.04773570888322196
2019-2023,random,10,0.14984755186225862,0.14652389368614885,0.13328225215901965,33454,165,0.047831754636436664
2019-2023,random,11,0.13036736641221375,0.1227290988383131,0.11254960170882165,33536,165,0.008321148105872969
2023-2027,real,0,0.3304184266103485,0.3291617397135371,0.28374878595071873,30304,171,0.5553966874429908
2023-2027,real,1,0.32159871311018995,0.314963730758665,0.274841506839565,32326,170,0.5544569889853993
2023-2027,real,2,0.3175355450236967,0.30214116991448325,0.2644500748794362,31861,172,0.5097602081326177
2023-2027,real,3,0.33386979709047304,0.31292107805469693,0.2748259223672263,31689,171,0.5374680323991858
2023-2027,real,4,0.3353835139444824,0.3354372662792253,0.28728121396090345,30729,170,0.5602435306116658
2023-2027,real,5,0.32634831083350124,0.3269332669261744,0.2772862110854853,29778,170,0.5678968149742881
2023-2027,real,6,0.31325184635727416,0.3093293939041746,0.2672807522108488,31007,172,0.545008385668677
2023-2027,real,7,0.3096776236620432,0.3107220247757544,0.2674208680578978,31578,170,0.548167688338531
2023-2027,random,8,0.12660214491237248,0.12156862100764801,0.11203676159919215,30584,170,-0.031204042167735722
2023-2027,random,9,0.12712856712722892,0.10950795454842635,0.10328319327105794,29891,170,-0.06086546797718393
2023-2027,random,10,0.14571446887621,0.12665633879193355,0.11769272986474422,31198,170,0.012199787612091386
2023-2027,random,11,0.14304483494826736,0.1189596250830702,0.11749073579205219,30445,170,-0.041970679830282076
