term,series,rep,party,diversity_naive,diversity,diversity_relative,own_prob,n_mps_profiled
2015-2019,real,0,VAS,0.03937277365972679,0.03765870571876513,0.7193731189922584,0.13538303603011315,10
2015-2019,real,0,SDP,0.043575078204021345,0.04018533793118805,0.7676379560466899,0.14223794235363715,29
2015-2019,real,0,VIHR,0.03982315624705914,0.038115626313040274,0.7281014166531024,0.1543371167869293,12
2015-2019,real,0,KESK,0.042840548764103134,0.041763304455568244,0.7977809649112542,0.17086500283839043,41
2015-2019,real,0,RKP,0.0333694987989237,0.02717687529402363,0.5191445954283982,0.16321513338729532,8
2015-2019,real,0,KD,0.025799402667944157,0.022350730427501433,0.42695345876889873,0.1463506846617941,4
2015-2019,real,0,KOK,0.045467344832759084,0.043156294232719876,0.8243904667936985,0.14642684657573835,29
2015-2019,real,0,PS,0.044680500918290615,0.04159493664318936,0.7945647290896246,0.15470339256883694,28
2015-2019,real,1,VAS,0.03902706472672725,0.03966723981176517,0.7732800669768267,0.13683035425169293,10
2015-2019,real,1,SDP,0.041311482187350486,0.03759872631532076,0.7329561053736656,0.1483602865481542,29
2015-2019,real,1,VIHR,0.04298941473526346,0.04191101142878485,0.8170205408419902,0.1510717042430914,12
2015-2019,real,1,KESK,0.04418586160956852,0.04074723947954384,0.7943337682022682,0.1714019194501278,40
2015-2019,real,1,RKP,0.03874759704264074,0.03322489843514088,0.6476919445149748,0.15559010071548218,8
2015-2019,real,1,KD,0.037008078905330526,0.03416723137419928,0.6660619466045435,0.14054461170010601,4
2015-2019,real,1,KOK,0.042465035478997985,0.040477713893266994,0.789079589580384,0.14215090754899,28
2015-2019,real,1,PS,0.03564824084809808,0.030110415189893696,0.5869776668412197,0.1515172576020907,28
2015-2019,real,2,VAS,0.03795273936084542,0.03366004397387328,0.6358240925493871,0.13859138116168562,10
2015-2019,real,2,SDP,0.043505705450045305,0.04008726378700078,0.7572315752154589,0.1471783646061961,29
2015-2019,real,2,VIHR,0.05057539807155056,0.050330110991519086,0.9507146566395341,0.15551521649683706,12
2015-2019,real,2,KESK,0.045063391296000746,0.041969050019729746,0.7927777267512539,0.1675959916485485,40
2015-2019,real,2,RKP,0.04032595735165899,0.036615911531600306,0.6916591891715647,0.16612683303210313,8
2015-2019,real,2,KD,0.033501451588043296,0.02867018239720715,0.5415677032412387,0.14192018019719554,4
2015-2019,real,2,KOK,0.04166006200088094,0.03877842041681148,0.7325080737017403,0.14691131825421833,30
2015-2019,real,2,PS,0.041875417417806524,0.037956152574215904,0.7169757795295555,0.1599780255866414,29
2015-2019,real,3,VAS,0.03576904104574385,0.030997331727235677,0.5777468849625815,0.13943661789665518,10
2015-2019,real,3,SDP,0.041746809489005283,0.03644830690238017,0.6793454339977227,0.14325176656848446,30
2015-2019,real,3,VIHR,0.038711008091420446,0.03421903954247135,0.6377950101009322,0.15690350724674682,12
2015-2019,real,3,KESK,0.043584003332999624,0.04124593546913341,0.7687665165618628,0.1715144600281994,40
2015-2019,real,3,RKP,0.032466277442285724,0.030185707987463423,0.5626193542595729,0.1654673169031329,8
2015-2019,real,3,KD,0.03631169417667032,0.03399400610461201,0.6336007017365957,0.1255566272595422,4
2015-2019,real,3,KOK,0.04002210922403085,0.03811784627982548,0.7104633115985834,0.14535944954516566,30
2015-2019,real,3,PS,0.04108552893503357,0.03802674003268291,0.7087652186481828,0.15694358053578955,29
2015-2019,real,4,VAS,0.044615413163244126,0.041779744509530356,0.8897395400305651,0.12857925101309509,10
2015-2019,real,4,SDP,0.04015627960079172,0.037610004030625116,0.8009409363219738,0.1483996360519544,29
2015-2019,real,4,VIHR,0.0410106082711883,0.03956355676417051,0.8425437065393371,0.1470280548501068,12
2015-2019,real,4,KESK,0.040704312360435,0.037447366904786526,0.797477423482576,0.16734382881450918,40
2015-2019,real,4,RKP,0.031817001666113356,0.027046342547771874,0.5759776815407375,0.1572181214763403,8
2015-2019,real,4,KD,0.03558644630695905,0.03282909620496812,0.6991269405767806,0.1208360588787986,4
2015-2019,real,4,KOK,0.04401942155408015,0.04171904244771222,0.88844683168122,0.1488379398081706,30
2015-2019,real,4,PS,0.04158878081470032,0.037904545026188056,0.8072134679755012,0.1563314581115059,28
2015-2019,real,5,VAS,0.04564035439456314,0.04303451918831759,0.8256956411325239,0.13395352524003243,10
2015-2019,real,5,SDP,0.04166770922463832,0.03814814237281407,0.7319416010365547,0.14398882169367846,29
2015-2019,real,5,VIHR,0.0445927526340052,0.04191802752216508,0.8042737147466663,0.15643353732225296,12
2015-2019,real,5,KESK,0.04147330734697681,0.03852210510301032,0.7391167572156643,0.16979986629713237,40
2015-2019,real,5,RKP,0.04007715301419649,0.03717153777979468,0.7132036629632273,0.16369813396592953,8
2015-2019,real,5,KD,0.028492595383123084,0.020297140041426676,0.38943760441064695,0.13741285229680017,4
2015-2019,real,5,KOK,0.03943164760697225,0.037892178064516675,0.727030459524277,0.1479172288895087,30
2015-2019,real,5,PS,0.03734440158224182,0.03337194961126721,0.6403016427240071,0.15633020254369012,28
2015-2019,real,6,VAS,0.04195260140516864,0.03903849711267494,0.7330280688202756,0.14103255783421728,10
2015-2019,real,6,SDP,0.042394253625024386,0.03880742863680054,0.728689282976482,0.1445270604965222,29
2015-2019,real,6,VIHR,0.04078645981210635,0.037444167279562485,0.7030912473474652,0.14702365354926772,12
2015-2019,real,6,KESK,0.04282923849680128,0.039381129123768434,0.7394616894763927,0.1721490815598532,41
2015-2019,real,6,RKP,0.03707679047230306,0.033152780123535786,0.6225116279409322,0.16593552203166112,8
2015-2019,real,6,KD,0.03617513364769429,0.03223416382365465,0.6052627177089327,0.133316092077289,4
2015-2019,real,6,KOK,0.03800529670995017,0.03550517632574221,0.6666827045125161,0.1473668512124685,29
2015-2019,real,6,PS,0.03893731133323576,0.03501074106625354,0.6573986656732762,0.1622817730787674,28
2015-2019,real,7,VAS,0.043744146953527255,0.04095817347260338,0.7416282443895071,0.1305754163307163,10
2015-2019,real,7,SDP,0.045104517513647496,0.041165561992926314,0.745383421224639,0.14938460195323927,30
2015-2019,real,7,VIHR,0.04476667807789567,0.0440611427729245,0.7978136032442172,0.1641727198340114,12
2015-2019,real,7,KESK,0.04265995650186115,0.03991146040811442,0.722675446777188,0.16902607459720115,41
2015-2019,real,7,RKP,0.03950604234074359,0.03325585210326744,0.6021625751333991,0.17021420746276095,8
2015-2019,real,7,KD,0.0418233740059349,0.03861087263735981,0.6991257485528669,0.12519073266379843,4
2015-2019,real,7,KOK,0.04290022342267774,0.04003609620588175,0.7249322228990065,0.14649777410375212,30
2015-2019,real,7,PS,0.04442011286806678,0.040962717964465926,0.7417105313480288,0.16296842114245236,31
2015-2019,random,8,VAS,0.039553763508079695,0.03734290078754211,1.4916406785112148,0.1322357097125153,10
2015-2019,random,8,SDP,0.04678946061982545,0.045524685065932415,1.8184573423233081,0.13272489222667314,30
2015-2019,random,8,VIHR,0.03670339674844314,0.03144507737359736,1.256055516850427,0.12338199739796692,12
2015-2019,random,8,KESK,0.03916069333968684,0.036436415139090544,1.45543163102961,0.13789568113975617,38
2015-2019,random,8,RKP,0.04755854699337347,0.04796580165439065,1.915966339416206,0.13806892594762443,8
2015-2019,random,8,KD,0.055805525330056394,0.05361833313930241,2.141753456154406,0.07465730372780552,4
2015-2019,random,8,KOK,0.042663103039115746,0.04120726402944536,1.6460004439981362,0.1363952746975422,31
2015-2019,random,8,PS,0.044488731720623266,0.04206299875923425,1.680182275244458,0.13684222956891953,25
2015-2019,random,9,VAS,0.04446564677852863,0.04522033330055955,2.3318993129727694,0.11337091541227678,8
2015-2019,random,9,SDP,0.045169526151055156,0.04200994638342545,2.1663477015619543,0.13243453242849104,29
2015-2019,random,9,VIHR,0.044725607458882995,0.04227680109355867,2.180108730501905,0.12917806120801603,11
2015-2019,random,9,KESK,0.04634614814826725,0.0456997204532533,2.3566201075893076,0.13682248593367988,42
2015-2019,random,9,RKP,0.03992302821134215,0.037740483746657276,1.946182208236866,0.12561153477053316,8
2015-2019,random,9,KD,0.044338594128789516,0.04487625184579043,2.3141558942622122,0.1264748504800631,3
2015-2019,random,9,KOK,0.042943285372223056,0.041188821469353556,2.1240043466321628,0.14020267327827102,32
2015-2019,random,9,PS,0.04748742739635109,0.045426706933261084,2.34254148425253,0.14119948732401116,28
2015-2019,random,10,VAS,0.03445180417473143,0.030595903526539677,2.0606630297040716,0.11967173251412706,10
2015-2019,random,10,SDP,0.038299796219850156,0.03622680214859539,2.439909375686851,0.13014341159243545,29
2015-2019,random,10,VIHR,0.04044102855489356,0.04042524318963376,2.722678349257298,0.12174012253492394,11
2015-2019,random,10,KESK,0.039246813723490245,0.036994950876591194,2.4916449187709806,0.13659931104479955,39
2015-2019,random,10,RKP,0.04015073766571937,0.036122542065520735,2.4328873605180736,0.10635312501632377,8
2015-2019,random,10,KD,0.0386402670083471,0.03441627272747414,2.317968507391859,0.10243071602507836,4
2015-2019,random,10,KOK,0.03670366034917163,0.03377684048481432,2.2749021412913484,0.1324268932656164,32
2015-2019,random,10,PS,0.03691142474268802,0.0346907213624117,2.3364528824350077,0.12603375785839635,26
2015-2019,random,11,VAS,0.03312154225195638,0.028996264497429678,1.8844276627404501,0.11606243290915089,10
2015-2019,random,11,SDP,0.04062639850702174,0.037409011275772126,2.4311605962238096,0.1394689787537258,30
2015-2019,random,11,VIHR,0.042864884171653725,0.04018800606819205,2.611763675696752,0.12726238924780084,11
2015-2019,random,11,KESK,0.03856905620692129,0.03691538543062746,2.3990805261266184,0.13225279911872254,39
2015-2019,random,11,RKP,0.04457231502257467,0.04640084432217206,3.015527556074165,0.1038217869850679,8
2015-2019,random,11,KD,0.03829167329364568,0.03563335848044328,2.315763344028214,0.10680772088767423,4
2015-2019,random,11,KOK,0.040423059625379794,0.03876560561807452,2.5193238113847976,0.1309809175427877,30
2015-2019,random,11,PS,0.044110431115759165,0.043070581057816644,2.79909829084533,0.13019989247827998,28
2019-2023,real,0,VAS,0.050419168809203975,0.048250051068840935,0.6517341389410221,0.15056181380122566,13
2019-2023,real,0,SDP,0.05110806083592941,0.05143678330488293,0.6947786983535956,0.1494393249512696,32
2019-2023,real,0,VIHR,0.050908907860181575,0.048665486902448415,0.6573456089665174,0.2008842973929536,15
2019-2023,real,0,KESK,0.0488506363538527,0.048875093009731536,0.6601768485780991,0.1513503267738689,25
2019-2023,real,0,RKP,0.05124890511764837,0.047701823821073734,0.6443289983172789,0.16317734140847218,5
2019-2023,real,0,KD,0.0363683070233781,0.030775682115546907,0.41570034102723286,0.1446546071308618,4
2019-2023,real,0,KOK,0.04770633000380423,0.04505457507930434,0.6085714738989482,0.14962294461391903,31
2019-2023,real,0,PS,0.04838744793355053,0.047208319923241836,0.6376630294572952,0.19416712005152423,30
2019-2023,real,1,VAS,0.054673806956540866,0.05369445521267593,0.775386267319039,0.14683617023022444,13
2019-2023,real,1,SDP,0.05174545160708015,0.04981305337807869,0.7193360537807306,0.148003913961135,31
2019-2023,real,1,VIHR,0.056286178615156605,0.05720991449692252,0.8261520091731536,0.1819027073064885,15
2019-2023,real,1,KESK,0.04674081255029159,0.04721839497201541,0.6818673339943638,0.15848884960077883,24
2019-2023,real,1,RKP,0.053874567444529974,0.05590046384920121,0.8072426069647961,0.14361787045626034,5
2019-2023,real,1,KD,0.027463519486500793,0.020233086928247747,0.2921802202386813,0.1454105419674785,4
2019-2023,real,1,KOK,0.04954632757393558,0.048896602945821516,0.7061018552580672,0.16004932586348397,31
2019-2023,real,1,PS,0.04797625172564108,0.04527463309484644,0.6537980247793727,0.19632632428571298,28
2019-2023,real,2,VAS,0.05007006856025201,0.04760179934079782,0.7331507655754995,0.15062134627862314,13
2019-2023,real,2,SDP,0.050909902049996895,0.0500829658243947,0.7713650585677869,0.14826423475866066,31
2019-2023,real,2,VIHR,0.05530393067776219,0.05205099977118808,0.8016762151784891,0.17772936464076178,15
2019-2023,real,2,KESK,0.05173881803261358,0.04975594723020106,0.7663284016344217,0.15541415067959352,24
2019-2023,real,2,RKP,0.04364637428112927,0.044655251500121396,0.6877687876857421,0.1378177230923472,5
2019-2023,real,2,KD,0.03593169740605574,0.0343929934441287,0.529712108012375,0.13732401268531996,4
2019-2023,real,2,KOK,0.05065292528584537,0.04969691128525168,0.7654191450761509,0.15370408904991809,30
2019-2023,real,2,PS,0.04774359780879345,0.04544661129223802,0.6999571092506943,0.19426997360046463,27
2019-2023,real,3,VAS,0.04961366782971779,0.04868863552136174,0.6738418904459627,0.1672004947795266,12
2019-2023,real,3,SDP,0.053524792177617644,0.05379874451519107,0.7445648726760994,0.1478522217570541,31
2019-2023,real,3,VIHR,0.050241790688802045,0.04691807786124897,0.649337693356469,0.18036917319440066,15
2019-2023,real,3,KESK,0.05091836808334995,0.051199384152959104,0.7085901964158002,0.159268679621118,25
2019-2023,real,3,RKP,0.05211229231680267,0.0482584407381771,0.6678880726226238,0.14889680064565494,6
2019-2023,real,3,KD,0.0311459906524786,0.02288258878239142,0.31669088111247534,0.12234299042519077,4
2019-2023,real,3,KOK,0.04923727232120052,0.049075380398646756,0.6791943694472624,0.1536212598986279,32
2019-2023,real,3,PS,0.04695627929929772,0.04435682723330072,0.6138904489109897,0.1991297213024772,27
2019-2023,real,4,VAS,0.059231206259025795,0.0591989395975659,0.8553198300192755,0.14766287284002538,14
2019-2023,real,4,SDP,0.05495163669124103,0.054336300968078455,0.7850633140361856,0.15098746527374593,31
2019-2023,real,4,VIHR,0.05934745015735639,0.058656854812168174,0.8474876649559425,0.18476479739113377,15
2019-2023,real,4,KESK,0.04815573572625379,0.049318518259221414,0.7125652408816838,0.155846916366803,24
2019-2023,real,4,RKP,0.049354870798881005,0.04737709201451395,0.6845150701031785,0.1364614115979745,5
2019-2023,real,4,KD,0.036388216014081265,0.03179625116403629,0.4593995150209065,0.1395507340955257,4
2019-2023,real,4,KOK,0.05419953711381022,0.052677151406169145,0.7610915413842448,0.1617926773520213,30
2019-2023,real,4,PS,0.04307040217054588,0.03819304796477303,0.5518218994329909,0.19867119784660078,27
2019-2023,real,5,VAS,0.046789013315258844,0.04932780813745239,0.6797586940390072,0.1373671747488261,12
2019-2023,real,5,SDP,0.048648232646138136,0.046570863931031874,0.6417668013509571,0.14587391255143958,31
2019-2023,real,5,VIHR,0.0548126244744885,0.05600195367940268,0.771731328314192,0.1859941410526244,15
2019-2023,real,5,KESK,0.04363408160146354,0.03975115519094774,0.5477882427665494,0.15757818223680378,25
2019-2023,real,5,RKP,0.057743411422089386,0.056981663542008676,0.785232157195266,0.16960436972344245,5
2019-2023,real,5,KD,0.032226264170611564,0.02938702745450469,0.40496604569371925,0.13963389628173883,4
2019-2023,real,5,KOK,0.05018747388284847,0.04937146135098635,0.6803602543463245,0.14946768521423323,31
2019-2023,real,5,PS,0.04671726446255818,0.04462677876518818,0.6149764604999687,0.20035069609486172,28
2019-2023,real,6,VAS,0.056506651843733526,0.055889058317981404,0.7858718959575236,0.1515401742232132,12
2019-2023,real,6,SDP,0.049968700089709744,0.04921364503436901,0.6920070170102844,0.15118798016294838,31
2019-2023,real,6,VIHR,0.05838326491812924,0.058704598653242825,0.8254620069382428,0.1773661119588712,16
2019-2023,real,6,KESK,0.048015186597126426,0.0459569619078475,0.6462138721587294,0.15708833033069494,24
2019-2023,real,6,RKP,0.052661188224048555,0.0511482838337963,0.7192105217222211,0.14396950611536677,6
2019-2023,real,6,KD,0.036010997742413536,0.03314690825303091,0.46608807551796894,0.15316610000757455,4
2019-2023,real,6,KOK,0.051417095243807935,0.04918746446666544,0.6916388846244893,0.15450795417634194,31
2019-2023,real,6,PS,0.04927443694845712,0.047089239205765174,0.6621351442939933,0.20351615486297617,28
2019-2023,real,7,VAS,0.05490635233111269,0.05413166176189489,0.8075911399087389,0.15477169584116274,13
2019-2023,real,7,SDP,0.04510614579224219,0.041337563741710256,0.6167157840093865,0.1508068974006109,31
2019-2023,real,7,VIHR,0.05203443230030013,0.0508327881139885,0.7583751904437808,0.169062795163037,15
2019-2023,real,7,KESK,0.04349217824363518,0.04153042355746158,0.6195930627290072,0.15463599727599575,24
2019-2023,real,7,RKP,0.05827088637621755,0.0622727805723423,0.9290486235008987,0.16281065435415695,6
2019-2023,real,7,KD,0.024514398124758384,0.020275426056786856,0.3024894102338871,0.1343058022752001,4
2019-2023,real,7,KOK,0.05085993154847462,0.050634880352070914,0.7554226013334217,0.15013571678231355,30
2019-2023,real,7,PS,0.04041065458796223,0.03462080364134151,0.516508331117764,0.19154196600446946,26
2019-2023,random,8,VAS,0.05242790585222548,0.053620639184866405,2.3215191123371364,0.13214258975214976,12
2019-2023,random,8,SDP,0.045380262458225754,0.04496854955322704,1.9469247071444855,0.13102098872407364,29
2019-2023,random,8,VIHR,0.03553341231608149,0.032282288474565324,1.3976698305535311,0.12771945485819158,15
2019-2023,random,8,KESK,0.041441840620710046,0.039097195735844255,1.6927229611460022,0.13315234435195722,23
2019-2023,random,8,RKP,0.03946970823715559,0.039567256142051026,1.713074345119619,0.11425720461711827,5
2019-2023,random,8,KD,0.04542170860803726,0.04377379733894927,1.8951976083609303,0.08888931528874947,4
2019-2023,random,8,KOK,0.04665495621346484,0.04565107895750836,1.9764749900366443,0.1293685757500923,32
2019-2023,random,8,PS,0.04312062646336367,0.041972475293385124,1.8172089155772824,0.13117763789795533,31
2019-2023,random,9,VAS,0.04094257443786398,0.037322476535279044,1.7391438241466857,0.13368668055612715,13
2019-2023,random,9,SDP,0.04878963659354009,0.04918969509554469,2.292129632828918,0.12455943057983457,29
2019-2023,random,9,VIHR,0.04458237077007712,0.043904083153115135,2.045831953257114,0.1250018037203707,15
2019-2023,random,9,KESK,0.051218969834505176,0.05048106033499607,2.352304361019494,0.13084286395824282,25
2019-2023,random,9,RKP,0.03987231985161345,0.03899817999001495,1.8172278524573602,0.1172912938939588,6
2019-2023,random,9,KD,0.03822715170385307,0.037099991934300074,1.7287765399876462,0.11852950501738943,4
2019-2023,random,9,KOK,0.04608503571345974,0.044406684232973045,2.069252038020731,0.13240990158978055,27
2019-2023,random,9,PS,0.052760540662411086,0.0543693299900959,2.53348901930153,0.1306796334424724,32
2019-2023,random,10,VAS,0.04342773386384491,0.04268842672472869,1.8131546411931074,0.13565207051895212,13
2019-2023,random,10,SDP,0.04064858049154249,0.03770458188426839,1.6014700677198894,0.13585854282783244,31
2019-2023,random,10,VIHR,0.05527821107957154,0.055503321380164124,2.357456399389402,0.12474694796832195,13
2019-2023,random,10,KESK,0.0437530561348942,0.040471348813724925,1.7189861413759304,0.13832337789737154,25
2019-2023,random,10,RKP,0.03806525346659508,0.036524086842812865,1.5513295442210315,0.12084466809434567,6
2019-2023,random,10,KD,0.0888698066874176,0.08904363888798893,3.7820528772252686,0.12055321512467965,4
2019-2023,random,10,KOK,0.041743550377253504,0.03887816642987154,1.6513170737811413,0.13624563509286547,29
2019-2023,random,10,PS,0.05269601737441801,0.052189559620038975,2.216707185230647,0.13400493528232743,30
2019-2023,random,11,VAS,0.03724725398762123,0.038950048584337,1.988187091546331,0.13247690075604762,14
2019-2023,random,11,SDP,0.04476131859046617,0.043890981493241346,2.240394710964562,0.1322987717544667,32
2019-2023,random,11,VIHR,0.04080968584023055,0.03886751556109691,1.9839742318094056,0.13827005413986732,13
2019-2023,random,11,KESK,0.044711811525747,0.04405870608956796,2.2489561348772784,0.12905266022983067,23
2019-2023,random,11,RKP,0.03791456744109315,0.03436598087103555,1.7541954898509928,0.12337293184154102,6
2019-2023,random,11,KD,0.03964760883122989,0.038810966930034496,1.9810877332706562,0.10333091533146375,3
2019-2023,random,11,KOK,0.04524083627103745,0.04358535246992293,2.2247940197960294,0.13505701279191434,31
2019-2023,random,11,PS,0.03865379713979886,0.03583128075737016,1.8289910401812253,0.12790307374849233,31
2023-2027,real,0,VAS,0.05677957401959008,0.055644875313271405,0.5070660788135732,0.20196413574863106,11
2023-2027,real,0,SDP,0.06651420742112098,0.0661600823593224,0.6028863097824845,0.16701918920403308,33
2023-2027,real,0,VIHR,0.04241745786669583,0.037101385168963205,0.3380878075521778,0.18177838768594412,11
2023-2027,real,0,KESK,0.04312041312955434,0.03671642110250549,0.33457980760494305,0.18189205830831587,21
2023-2027,real,0,RKP,0.08269306910837912,0.1012104186457767,0.9222838550516824,0.22995994293450311,5
2023-2027,real,0,KD,0.04817917955857613,0.04309475801113369,0.3927026494192478,0.13700454466917494,4
2023-2027,real,0,KOK,0.05340966532994487,0.05159425590937179,0.4701546528046504,0.16122686771541622,35
2023-2027,real,0,PS,0.0534437935222803,0.052052179835221625,0.4743275022929161,0.17818851741421976,35
2023-2027,real,1,VAS,0.054335474530556364,0.04888300911361914,0.47682733472361966,0.20254123530136695,11
2023-2027,real,1,SDP,0.05732449233040486,0.0572558631494692,0.5585000006731464,0.16000593020647635,34
2023-2027,real,1,VIHR,0.05526178424104875,0.05411516270271946,0.5278641652296256,0.19314918451964766,11
2023-2027,real,1,KESK,0.04826316011173121,0.04452220561013061,0.43429005337523113,0.1885059274746134,21
2023-2027,real,1,RKP,0.04904603608290636,0.04653087848156696,0.45388357163415083,0.17545667162144726,6
2023-2027,real,1,KD,0.048091441444603034,0.04777743389770874,0.4660430460086238,0.12687878114602236,4
2023-2027,real,1,KOK,0.05597774146629725,0.05397875222087848,0.5265335547033093,0.1576862247175619,35
2023-2027,real,1,PS,0.05625085624539748,0.054260913473799875,0.5292858852294451,0.18439162469239842,35
2023-2027,real,2,VAS,0.053259327509588124,0.05581497235161286,0.5425481262840098,0.21694505046173915,11
2023-2027,real,2,SDP,0.059490316515102976,0.05841378780346939,0.5678098507739969,0.1602455882345676,35
2023-2027,real,2,VIHR,0.053480833649065376,0.0522374866863012,0.5077732609970497,0.17745160918237382,10
2023-2027,real,2,KESK,0.04834999377551583,0.04539653483374484,0.44127594937567555,0.185322896378082,21
2023-2027,real,2,RKP,0.056793505125639875,0.05403981944294045,0.5252927941770507,0.16580704178970943,5
2023-2027,real,2,KD,0.04602403654421701,0.04352763511415536,0.42310935359760415,0.12127874036008587,4
2023-2027,real,2,KOK,0.057885842753339946,0.05536791842174624,0.5382025490709803,0.1682106634848103,34
2023-2027,real,2,PS,0.056353402187027946,0.05622662165455947,0.5465495536535846,0.17803359932147494,37
2023-2027,real,3,VAS,0.05289215187660146,0.051932043868576874,0.526347163633173,0.1935454474133629,11
2023-2027,real,3,SDP,0.06238572808393606,0.06341629055757919,0.642743519734951,0.16334605916341188,34
2023-2027,real,3,VIHR,0.05495633897273909,0.05131825882195937,0.520126264275059,0.19229182614719806,10
2023-2027,real,3,KESK,0.04422810824908254,0.040805207023365674,0.41357326571944764,0.17748101406426478,21
2023-2027,real,3,RKP,0.0500239215639998,0.048548906934530185,0.4920580350572886,0.17341264988865773,5
2023-2027,real,3,KD,0.03461926440404645,0.034605856534832904,0.35074095058344473,0.12979700776062633,4
2023-2027,real,3,KOK,0.052832138379484826,0.051190022623002956,0.5188265511390496,0.16257463320094306,34
2023-2027,real,3,PS,0.04950897328820593,0.04719216451846968,0.47830703530304314,0.18071344593532174,37
2023-2027,real,4,VAS,0.06128925412323428,0.06126181072407769,0.6011233668509708,0.21210925233084932,11
2023-2027,real,4,SDP,0.0618918693079863,0.061239304450255154,0.6009025270335452,0.1605407799442039,34
2023-2027,real,4,VIHR,0.06367157551825978,0.05781005099019665,0.567253433718621,0.19895106711013807,10
2023-2027,real,4,KESK,0.047558080145783374,0.04326320799326728,0.4245144722675547,0.18667693551145287,20
2023-2027,real,4,RKP,0.062336199835743,0.06000973439709997,0.5888375344811577,0.1795052160555764,5
2023-2027,real,4,KD,0.04622866284391165,0.04324397169239777,0.4243257186246609,0.12494972791330135,4
2023-2027,real,4,KOK,0.058252715073137236,0.055832589980562175,0.5478498606626128,0.16127139727104148,38
2023-2027,real,4,PS,0.05730101821061849,0.05588701652803218,0.5483839139182143,0.17882130548410965,35
2023-2027,real,5,VAS,0.0464051404544823,0.04287096006986133,0.3903335182464963,0.19273117562820097,11
2023-2027,real,5,SDP,0.05732772423585737,0.05564949404386834,0.5066801108112163,0.16671641777674384,34
2023-2027,real,5,VIHR,0.054869157965874035,0.05209853579570633,0.4743491804123447,0.1790210960893832,10
2023-2027,real,5,KESK,0.04782233480768715,0.042654209214116286,0.3883600349382608,0.18321864662328075,20
2023-2027,real,5,RKP,0.08502031012345171,0.09856702939939756,0.8974376898925635,0.22648940055606231,5
2023-2027,real,5,KD,0.04063848578568588,0.03879749404293473,0.3532452346354738,0.13342106322771743,4
2023-2027,real,5,KOK,0.05511420712809757,0.054836760618071016,0.49928029758167736,0.16621197371455004,35
2023-2027,real,5,PS,0.05054972658404039,0.04669226771639889,0.42512593846625807,0.18306821588036465,36
2023-2027,real,6,VAS,0.05372681011405527,0.04711607562627356,0.4744039652740998,0.2122882838257577,11
2023-2027,real,6,SDP,0.06230766975315686,0.06281020933003083,0.6324255993265876,0.15832979769407432,36
2023-2027,real,6,VIHR,0.047723144394315485,0.041502407938185375,0.417880874682169,0.183272858075017,11
2023-2027,real,6,KESK,0.048924905267457325,0.046025772742613075,0.4634258860414167,0.18387879480123825,22
2023-2027,real,6,RKP,0.04200327792297868,0.03725173686072972,0.37508157131454295,0.17361599954744827,5
2023-2027,real,6,KD,0.0474246272154031,0.047838340052240205,0.481676326206128,0.1324977171973058,4
2023-2027,real,6,KOK,0.05139403603249317,0.04813387591275254,0.48465202785878353,0.16632010992279167,35
2023-2027,real,6,PS,0.05136960824559836,0.04975173027051382,0.5009419355464675,0.17702549432943082,36
2023-2027,real,7,VAS,0.0469155299714773,0.04323691544250366,0.41143061960939503,0.204979553241849,11
2023-2027,real,7,SDP,0.05986088234307226,0.06021327139693876,0.5729729631729864,0.16427389631442846,34
2023-2027,real,7,VIHR,0.04067703767142685,0.035410133810001285,0.3369531139027248,0.17353110793644663,10
2023-2027,real,7,KESK,0.041785217852517584,0.03666514923847345,0.34889549624131455,0.1782916230153675,20
2023-2027,real,7,RKP,0.07363667837374761,0.08184344022474055,0.7787997126531291,0.19504500915921544,6
2023-2027,real,7,KD,0.029842929282680182,0.020814542991096457,0.1980654778924099,0.14167708464377426,4
2023-2027,real,7,KOK,0.05741758695928387,0.05590209422672897,0.5319489845604505,0.16321062227647276,36
2023-2027,real,7,PS,0.05070724045394461,0.049386455629056414,0.4699479560884694,0.18559545255214277,35
2023-2027,random,8,VAS,0.04976768435335752,0.04973313898322647,2.1353257043595253,0.12823295154657255,10
2023-2027,random,8,SDP,0.04958137661468679,0.04796149381577182,2.0592589299227426,0.13678906105701313,35
2023-2027,random,8,VIHR,0.05245776339193761,0.051731018731637914,2.221106012383942,0.12085401814499477,11
2023-2027,random,8,KESK,0.05127498405866342,0.04972282398880321,2.134882823150283,0.12490366049761716,18
2023-2027,random,8,RKP,0.050345676908534184,0.0457163157003625,1.9628607005184828,0.1174873907508808,7
2023-2027,random,8,KD,0.05782170520402143,0.05772553352224786,2.4784845285855823,0.1033221183934699,3
2023-2027,random,8,KOK,0.0534547407462959,0.053672585636277005,2.3044684906624173,0.12569937471714465,38
2023-2027,random,8,PS,0.04552750166716759,0.04382718529939669,1.8817496187219,0.13643995275326562,31
2023-2027,random,9,VAS,0.04302519715095397,0.03950699522368641,2.0908376775366366,0.12465086872719575,10
2023-2027,random,9,SDP,0.04966655504085757,0.04744944541765435,2.511177772334582,0.13873466638997184,34
2023-2027,random,9,VIHR,0.03461056505751715,0.03049493268284767,1.6138902456700637,0.13096225393022473,11
2023-2027,random,9,KESK,0.04857177350960496,0.04777718419168005,2.528522765879213,0.1303188043948006,19
2023-2027,random,9,RKP,0.04260052109019508,0.03972066602212822,2.102145825712472,0.09339417826040228,7
2023-2027,random,9,KD,0.03210573217582894,0.03057568082832446,1.618163698105466,0.08248406522010347,3
2023-2027,random,9,KOK,0.047499575638268246,0.04758951473768639,2.518590692758719,0.13404666105285235,36
2023-2027,random,9,PS,0.049568331783582685,0.0476208482462748,2.520248963147422,0.1358933519298895,32
2023-2027,random,10,VAS,0.05628100870589727,0.0538890702713517,2.639311236948967,0.12790624398413866,10
2023-2027,random,10,SDP,0.05233488239975096,0.051032113603747285,2.499386799612864,0.13562937997035646,33
2023-2027,random,10,VIHR,0.04830702415977695,0.04528347204549047,2.217837049626456,0.12183427992086258,12
2023-2027,random,10,KESK,0.05224553132815173,0.050685533448924916,2.4824124318510865,0.14141063771001428,17
2023-2027,random,10,RKP,0.03765115380608273,0.0355690690437989,1.7420572138729038,0.09814616612261987,5
2023-2027,random,10,KD,0.0433837364646611,0.0428137905344581,2.0968800887635024,0.11870317598311231,4
2023-2027,random,10,KOK,0.04931185585019896,0.04671300543186999,2.287850941335235,0.14016115957498024,36
2023-2027,random,10,PS,0.04818164285159034,0.04751402658610171,2.32708234990755,0.1404645557952761,34
2023-2027,random,11,VAS,0.04196235988359685,0.03928985278334345,2.05171989183355,0.12573278105071473,11
2023-2027,random,11,SDP,0.04774609987951852,0.044956819765459635,2.347649452773541,0.1314409391130799,31
2023-2027,random,11,VIHR,0.05092681880140242,0.05101432857533954,2.663973145527524,0.10809753789285298,11
2023-2027,random,11,KESK,0.042361146194422675,0.038495758344093654,2.0102522038280113,0.12311124395574576,17
2023-2027,random,11,RKP,0.0432179862747124,0.041970569183218995,2.1917071601065623,0.11122392620554315,7
2023-2027,random,11,KD,0.03575753212575598,0.030243113853997812,1.579298314692077,0.08877704788603172,4
2023-2027,random,11,KOK,0.04952621685386974,0.04868704957517264,2.5424424122662073,0.13886795086718698,38
2023-2027,random,11,PS,0.048901477341918145,0.04718759859348737,2.464140937762916,0.14286484984830197,35
