term,length,d,median_length
2015-2019,100–200,0.39468084250531255,88.0
2015-2019,50–100,0.34840156740237627,88.0
2015-2019,alle 50,0.26718028629256924,88.0
2015-2019,yli 200,0.45450982442119303,88.0
2019-2023,100–200,0.40652573396735997,111.0
2019-2023,50–100,0.4112258563429788,111.0
2019-2023,alle 50,0.25395072381702233,111.0
2019-2023,yli 200,0.5005444025840525,111.0
2023-2027,100–200,0.4981370472664125,105.0
2023-2027,50–100,0.5223645942837654,105.0
2023-2027,alle 50,0.4241725054727638,105.0
2023-2027,yli 200,0.6297531956747906,105.0
