term,party,rank,phrase,weight,stability,top_speaker_share
2015-2019,VAS,1,kuink,3.139082944914497,1.0,0.42596810933940776
2015-2019,VAS,2,työttöm,2.0144975363924478,0.9,0.25213675213675213
2015-2019,VAS,3,mitenk,1.939856310714012,0.8,0.4573170731707317
2015-2019,VAS,4,ongelm,1.8483122909861074,0.8,0.24388539482879107
2015-2019,VAS,5,pitä,1.8038661268175993,0.6,0.3320388349514563
2015-2019,VAS,6,pako,1.7321232594227023,0.8,0.44505494505494503
2015-2019,VAS,7,täytyy sano,1.6606392426390078,0.6,0.7609756097560976
2015-2019,VAS,8,työntekijö,1.594576891617708,0.6,0.17872340425531916
2015-2019,VAS,9,eli,1.523841445803537,0.3,0.31208053691275167
2015-2019,VAS,10,tarkoit,1.5148354075916401,0.6,0.2727272727272727
2015-2019,VAS,11,minister,1.4839259074527034,0.5,0.20012128562765313
2015-2019,VAS,12,kaut,1.4163122782487563,0.2,0.2649945474372955
2015-2019,VAS,13,erityis,1.3570184027695922,0.3,0.23603603603603604
2015-2019,VAS,14,kansanedustaj,1.339306680858088,0.2,0.45103092783505155
2015-2019,VAS,15,aino,1.3325468066759734,0.2,0.22110552763819097
2015-2019,VAS,16,kyl,1.2884748678881408,0.3,0.312327506899724
2015-2019,VAS,17,pienitulois,1.2808674487519203,0.2,0.47733333333333333
2015-2019,VAS,18,tuloero,1.2733509393442501,0.1,0.24102564102564103
2015-2019,VAS,19,pienituloist,1.2601002388593474,0.1,0.6586826347305389
2015-2019,VAS,20,osa,1.2528820491089192,0.1,0.3079710144927536
2015-2019,VAS,21,toi,1.2114511552042393,0.2,0.6666666666666666
2015-2019,VAS,22,järjestelm,1.1966957293261555,0.1,0.2843866171003718
2015-2019,VAS,23,nähd,1.1939295914777828,0.2,0.3466666666666667
2015-2019,VAS,24,mikäl,1.1874147375376516,0.1,0.40562248995983935
2015-2019,VAS,25,asiakasmaksu,1.186502215675716,0.3,0.29375
2015-2019,VAS,26,lail,1.1550815179373681,0.1,0.2785234899328859
2015-2019,VAS,27,työnantaj,1.1519036440143144,0.1,0.25
2015-2019,VAS,28,sama aika,1.1401808645827227,0.3,0.4217687074829932
2015-2019,VAS,29,piir,1.1250770862529575,0.1,0.24922118380062305
2015-2019,VAS,30,pääminister,1.1169158026049595,0.2,0.3713733075435203
2015-2019,VAS,31,opiskelij,1.1144352538324722,0.2,0.5897435897435898
2015-2019,VAS,32,toimeentulo,1.1000212823794493,0.0,0.3657587548638132
2015-2019,VAS,33,kysymys,1.0894707580827019,0.1,0.2678375411635565
2015-2019,VAS,34,leikkauks,1.0820307555905893,0.0,0.345821325648415
2015-2019,VAS,35,huolimat,1.0333650829434309,0.0,0.44816053511705684
2015-2019,VAS,36,palko,1.0255576342978057,0.0,0.30158730158730157
2015-2019,VAS,37,suuritulois,1.013017209075411,0.0,0.5370370370370371
2015-2019,VAS,38,hallituspuolue,1.0124983889932615,0.1,0.28431372549019607
2015-2019,VAS,39,vuoks,1.008758300893658,0.2,0.31130063965884863
2015-2019,VAS,40,leika,1.0019915413870986,0.2,0.33712984054669703
2015-2019,SDP,1,tääl,2.677827733034759,1.0,0.18377622377622377
2015-2019,SDP,2,hallituspuolue,2.4528844182792646,0.9,0.26095617529880477
2015-2019,SDP,3,sosiaalidemokraat,2.1463943536757037,0.9,0.18253968253968253
2015-2019,SDP,4,minister,2.0814799626608136,0.7,0.11399264563576543
2015-2019,SDP,5,eläkkeensaaj,2.0748715504731767,0.8,0.5107913669064749
2015-2019,SDP,6,eduskun,1.7675032870943674,0.7,0.17913486005089058
2015-2019,SDP,7,siis,1.7222457352449456,0.5,0.14390602055800295
2015-2019,SDP,8,kyl,1.6859315991264459,0.5,0.17577129917916784
2015-2019,SDP,9,ihmis,1.4820684837955744,0.5,0.09500609013398295
2015-2019,SDP,10,valiokun,1.4412121495624808,0.4,0.14410753360425133
2015-2019,SDP,11,puole,1.3987944309889597,0.4,0.1020497165285652
2015-2019,SDP,12,tak,1.3798886404833468,0.3,0.10081374321880651
2015-2019,SDP,13,tiete,1.3710718831074211,0.3,0.34782608695652173
2015-2019,SDP,14,yhteyd,1.3275706745569236,0.3,0.16722632639355273
2015-2019,SDP,15,ihmist,1.2398398882650792,0.2,0.1022115959354453
2015-2019,SDP,16,hallituks,1.2363894349921085,0.2,0.09911969818223391
2015-2019,SDP,17,äsk,1.2031807854784138,0.3,0.21016483516483517
2015-2019,SDP,18,pääminister,1.187423143790906,0.3,0.1990521327014218
2015-2019,SDP,19,iso,1.171347194775041,0.0,0.1533847472150814
2015-2019,SDP,20,kävi,1.140708054251291,0.1,0.2524271844660194
2015-2019,SDP,21,sit,1.1184473045652386,0.1,0.1501969044784321
2015-2019,SDP,22,vaalej,1.118186064705073,0.3,0.31934731934731936
2015-2019,SDP,23,nimit,1.1088908110216977,0.0,0.2585301837270341
2015-2019,SDP,24,jälk,1.1049897913845654,0.3,0.1314260169870362
2015-2019,SDP,25,syys,1.0536643106172698,0.0,0.1952191235059761
2015-2019,SDP,26,työttömyysturv,1.0503182626725907,0.1,0.24010914051841747
2015-2019,SDP,27,lapsiperh,1.0453087669369614,0.2,0.1634078212290503
2015-2019,SDP,28,toimeentulo,1.0431169781119278,0.0,0.22331460674157302
2015-2019,SDP,29,palkansaaj,1.0402547652020087,0.0,0.28735632183908044
2015-2019,SDP,30,yhteiskun,1.0354713593695948,0.1,0.14991482112436116
2015-2019,SDP,31,lävits,1.032138209918751,0.0,0.8353413654618473
2015-2019,SDP,32,sano,1.0223364317381836,0.1,0.16860291927316057
2015-2019,SDP,33,käy,1.0096270453786673,0.0,0.15934065934065933
2015-2019,SDP,34,osa,1.0063556101644362,0.1,0.08889296187683285
2015-2019,SDP,35,sal,0.998255321544495,0.1,0.14973544973544972
2015-2019,SDP,36,en vaalej,0.9861814997403153,0.0,0.35924932975871315
2015-2019,SDP,37,yhteis,0.9860057773588107,0.0,0.13112582781456952
2015-2019,SDP,38,viime kaude,0.9857963449530409,0.1,0.18676470588235294
2015-2019,SDP,39,jää,0.9813972016355004,0.0,0.08877551020408163
2015-2019,SDP,40,asia,0.9666864133337232,0.1,0.10325997021347014
2015-2019,VIHR,1,mite,2.2326450926975854,0.8,0.16066066066066065
2015-2019,VIHR,2,kaik,1.752006919970857,0.6,0.15688949522510232
2015-2019,VIHR,3,ympäristövaliokun,1.7470108119567231,0.8,0.9281767955801105
2015-2019,VIHR,4,ihmis,1.7153237506134147,0.6,0.16236162361623616
2015-2019,VIHR,5,ihmist,1.6638697519058403,0.5,0.2047556142668428
2015-2019,VIHR,6,koulutuks,1.6451672376468216,0.6,0.20896717373899118
2015-2019,VIHR,7,kute,1.6401745453147334,0.5,0.15863787375415284
2015-2019,VIHR,8,ilmastonmuutoks,1.5724694356428706,0.6,0.23853211009174313
2015-2019,VIHR,9,tahdo,1.5717235319117275,0.6,0.7535211267605634
2015-2019,VIHR,10,ympäristö,1.5570419432422675,0.6,0.13352272727272727
2015-2019,VIHR,11,vihreä,1.4506276962625029,0.4,0.17204301075268819
2015-2019,VIHR,12,leikkauks,1.4312049160936813,0.4,0.15701559020044542
2015-2019,VIHR,13,es,1.4054808228092108,0.5,0.17004898530440868
2015-2019,VIHR,14,tutkij,1.3395330682653839,0.3,0.1511627906976744
2015-2019,VIHR,15,vain,1.3310374584006956,0.4,0.13613323678493844
2015-2019,VIHR,16,luono,1.3266150729818083,0.2,0.2330508474576271
2015-2019,VIHR,17,leika,1.288569310343253,0.1,0.2254697286012526
2015-2019,VIHR,18,lakiesityks,1.248418526950309,0.1,0.3646723646723647
2015-2019,VIHR,19,varmist,1.2439458419722533,0.2,0.2837370242214533
2015-2019,VIHR,20,ilmasto,1.2406655359526402,0.1,0.2798165137614679
2015-2019,VIHR,21,päästöj,1.213120432061302,0.1,0.33
2015-2019,VIHR,22,miet,1.1867334493149753,0.1,0.2664835164835165
2015-2019,VIHR,23,hyv,1.1864108981454755,0.1,0.13114754098360656
2015-2019,VIHR,24,koulutusleikkauks,1.1692145868307358,0.3,0.2611464968152866
2015-2019,VIHR,25,saamelaist,1.1685882913485754,0.1,0.32
2015-2019,VIHR,26,yliopisto,1.1619470143069632,0.2,0.18658892128279883
2015-2019,VIHR,27,enit,1.1458018626611575,0.0,0.16262975778546712
2015-2019,VIHR,28,aiva,1.1185858239991244,0.1,0.20187793427230047
2015-2019,VIHR,29,kannat muist,1.0895037054927386,0.0,0.7575757575757576
2015-2019,VIHR,30,ympäristöministeriö,1.0797943236684038,0.0,0.3923076923076923
2015-2019,VIHR,31,vihr,1.0676529972262734,0.0,0.17073170731707318
2015-2019,VIHR,32,last,1.0479889185121825,0.1,0.1788756388415673
2015-2019,VIHR,33,myös,1.0467365245160936,0.2,0.16745540589734256
2015-2019,VIHR,34,puhu,1.0397578979094226,0.3,0.16289592760180996
2015-2019,VIHR,35,monimuotoisuud,1.0295421375775597,0.0,0.25203252032520324
2015-2019,VIHR,36,palj,1.0164666220850154,0.0,0.16117435590173756
2015-2019,VIHR,37,luontopalvelu,1.013530051865669,0.0,0.3409090909090909
2015-2019,VIHR,38,haitallis,1.0118136427531301,0.0,0.1836734693877551
2015-2019,VIHR,39,esimerk,1.0079527802999635,0.2,0.20442708333333334
2015-2019,VIHR,40,päivähoito,1.0040191070446862,0.1,0.1829787234042553
2015-2019,KESK,1,erit,2.2310041921106825,0.8,0.15009416195856873
2015-2019,KESK,2,as,1.9511409270801596,0.8,0.1754942185751585
2015-2019,KESK,3,toiseks,1.8142708686453648,0.8,0.7727272727272727
2015-2019,KESK,4,osa,1.7830023014964662,0.6,0.08617115783239562
2015-2019,KESK,5,jatko,1.7565002987074247,0.7,0.09689288634505315
2015-2019,KESK,6,pysty,1.7471628300552098,0.5,0.1465324384787472
2015-2019,KESK,7,eteenp,1.676904589327512,0.4,0.14884329986905281
2015-2019,KESK,8,mets,1.6197563859592439,0.5,0.3707865168539326
2015-2019,KESK,9,pitä,1.6186940920886452,0.3,0.22200569629740668
2015-2019,KESK,10,vaalikaud,1.572721422513993,0.5,0.1297134238310709
2015-2019,KESK,11,myösk,1.540084452226181,0.4,0.12044518981552066
2015-2019,KESK,12,tot,1.4928116333330972,0.3,0.25392038600723765
2015-2019,KESK,13,kun,1.4888844155873913,0.4,0.13403072899640406
2015-2019,KESK,14,keskustelu,1.4729220162804322,0.4,0.09515260323159784
2015-2019,KESK,15,alue,1.409313273827625,0.2,0.10512129380053908
2015-2019,KESK,16,tot kai,1.381322417661893,0.2,0.2688679245283019
2015-2019,KESK,17,siel,1.3805870863901721,0.1,0.1805627481443121
2015-2019,KESK,18,oma,1.3038196228341388,0.3,0.17325158946412353
2015-2019,KESK,19,liik,1.3012616117615539,0.2,0.13982521847690388
2015-2019,KESK,20,tode,1.2974046905511625,0.3,0.1668595998015545
2015-2019,KESK,21,viljelijö,1.295782920933326,0.1,0.12034383954154727
2015-2019,KESK,22,maataloud,1.287543503395367,0.2,0.14153439153439154
2015-2019,KESK,23,aiva,1.2672918918753688,0.4,0.2775027502750275
2015-2019,KESK,24,ensin,1.235991949826885,0.1,0.12972972972972974
2015-2019,KESK,25,erit hyvä,1.2220317260765374,0.1,0.23593073593073594
2015-2019,KESK,26,olem,1.2218145037725907,0.2,0.11745862253069941
2015-2019,KESK,27,asio,1.212733172131461,0.3,0.16199677938808374
2015-2019,KESK,28,kai,1.190418162097145,0.1,0.2556203164029975
2015-2019,KESK,29,aika,1.1899666944748835,0.3,0.15314317363611188
2015-2019,KESK,30,byrokratia,1.1873544117172772,0.2,0.282798833819242
2015-2019,KESK,31,tärk,1.14028782601528,0.3,0.09409340659340659
2015-2019,KESK,32,kunt,1.135157810352948,0.1,0.17420132610006028
2015-2019,KESK,33,erinomais,1.0808094123200351,0.1,0.22525597269624573
2015-2019,KESK,34,kaike,1.0729423461589511,0.0,0.09436722750548647
2015-2019,KESK,35,viljelij,1.0640954203969275,0.0,0.12538226299694188
2015-2019,KESK,36,oppositio,1.0508794470645313,0.2,0.1676300578034682
2015-2019,KESK,37,selv as,1.0401354470288777,0.2,0.41312741312741313
2015-2019,KESK,38,palvelu,1.022440557863998,0.1,0.14615812917594656
2015-2019,KESK,39,asia,1.0204284687813323,0.1,0.18385517139041402
2015-2019,KESK,40,hom,1.014064280832364,0.1,0.647239263803681
2015-2019,RKP,1,hallitus,3.203028275835263,1.0,0.28687196110210694
2015-2019,RKP,2,vaasa,3.136665370303456,1.0,0.4967741935483871
2015-2019,RKP,3,mite,2.4502872357377665,1.0,0.23667377398720682
2015-2019,RKP,4,eduskuntaryhm,2.4478098509056974,0.9,0.3
2015-2019,RKP,5,ehk,2.4226140012864814,0.8,0.49310344827586206
2015-2019,RKP,6,tiete,2.3354317475971853,0.8,0.45652173913043476
2015-2019,RKP,7,ruots,2.073824961753838,0.9,0.23880597014925373
2015-2019,RKP,8,luke,2.023244325232706,0.9,0.3968253968253968
2015-2019,RKP,9,miele,1.9887419476660202,0.7,0.47126436781609193
2015-2019,RKP,10,pitäi,1.9841672566427442,0.8,0.3654618473895582
2015-2019,RKP,11,vars,1.9279798205159957,0.7,0.22900763358778625
2015-2019,RKP,12,myösk,1.810221532969225,0.6,0.4172043010752688
2015-2019,RKP,13,ihmiskaup,1.6930249133569597,0.6,0.8923076923076924
2015-2019,RKP,14,on,1.6134715292121675,0.2,0.24653739612188366
2015-2019,RKP,15,sairaal,1.6133131751562875,0.3,0.3835616438356164
2015-2019,RKP,16,puhu,1.5795006799535742,0.4,0.25882352941176473
2015-2019,RKP,17,maam,1.5580964618058686,0.4,0.4339622641509434
2015-2019,RKP,18,kiel,1.5353018968612258,0.3,0.3076923076923077
2015-2019,RKP,19,pohjanm,1.5179590670942549,0.3,0.484375
2015-2019,RKP,20,uudistuks,1.4694179994649064,0.2,0.33146067415730335
2015-2019,RKP,21,tänä,1.45357987793397,0.2,0.3302752293577982
2015-2019,RKP,22,minister,1.4367464752419772,0.3,0.23385300668151449
2015-2019,RKP,23,olet,1.41258766036363,0.1,0.4
2015-2019,RKP,24,tiede,1.3548185126748165,0.1,0.3409090909090909
2015-2019,RKP,25,maa,1.3129480463631227,0.2,0.23880597014925373
2015-2019,RKP,26,ilmeis,1.258994887284661,0.0,0.5
2015-2019,RKP,27,toimenpit,1.2462891384731658,0.1,0.23684210526315788
2015-2019,RKP,28,äärimmäis,1.231053674517566,0.1,0.2835820895522388
2015-2019,RKP,29,iloin,1.2273573044587887,0.1,0.4444444444444444
2015-2019,RKP,30,voisit,1.2250991876400987,0.2,0.3548387096774194
2015-2019,RKP,31,kielellis,1.2244111553425017,0.0,0.2903225806451613
2015-2019,RKP,32,mielenkiinto,1.2065044568010233,0.0,0.5348837209302325
2015-2019,RKP,33,pietarsaar,1.2014976004410045,0.0,0.8235294117647058
2015-2019,RKP,34,huomattav,1.1822397041006254,0.0,0.3373493975903614
2015-2019,RKP,35,on hallituks,1.1405521510916081,0.1,0.38095238095238093
2015-2019,RKP,36,perhevap,1.136160724008619,0.1,0.28125
2015-2019,RKP,37,miel,1.1316320134912883,0.0,0.3227848101265823
2015-2019,RKP,38,uudistus,1.120302528477231,0.0,0.5287356321839081
2015-2019,RKP,39,sote,1.1167153381693842,0.0,0.4968944099378882
2015-2019,RKP,40,myös,1.1086098882367497,0.2,0.3916827852998066
2015-2019,KD,1,sit,2.931264404563739,0.9,0.4995272612669398
2015-2019,KD,2,tode,2.8533383174874145,0.8,0.36813186813186816
2015-2019,KD,3,kyl,2.4356318305888385,0.8,0.37412775093934514
2015-2019,KD,4,olis,2.269129286833558,0.8,0.8695652173913043
2015-2019,KD,5,tääl,2.119754521667557,0.6,0.40925925925925927
2015-2019,KD,6,ikä,2.0839193792368524,0.6,0.3917808219178082
2015-2019,KD,7,kohd,2.008326456660721,0.6,0.5144124168514412
2015-2019,KD,8,voisi sano,2.004516840114592,0.7,0.9333333333333333
2015-2019,KD,9,ajattel,1.9030881678308222,0.5,0.5324232081911263
2015-2019,KD,10,eduskuntaryhm,1.8594891297778045,0.3,0.26382978723404255
2015-2019,KD,11,potil,1.837652173757252,0.6,0.5
2015-2019,KD,12,näit,1.8166448053039612,0.5,0.9020408163265307
2015-2019,KD,13,kirko,1.7915055330159828,0.5,0.4429223744292237
2015-2019,KD,14,sanotu,1.7822952525882154,0.3,0.3961352657004831
2015-2019,KD,15,erityis,1.7579731468234567,0.5,0.3578500707213578
2015-2019,KD,16,halunu,1.7425490204889797,0.5,0.5307692307692308
2015-2019,KD,17,esityks,1.7200166423442513,0.2,0.29625425652667425
2015-2019,KD,18,miele,1.6880056316625225,0.3,0.5209339774557166
2015-2019,KD,19,sellain,1.6051601515396279,0.4,0.4088397790055249
2015-2019,KD,20,kysy,1.5992318269758883,0.4,0.2903225806451613
2015-2019,KD,21,tähd,1.5821850033523703,0.3,0.6785714285714286
2015-2019,KD,22,mone,1.5564089348371002,0.4,0.3184
2015-2019,KD,23,myösk sit,1.5561405452088444,0.0,0.9915966386554622
2015-2019,KD,24,avioliito,1.5547894428858,0.3,0.44533333333333336
2015-2019,KD,25,tava,1.5483830529007294,0.3,0.44934333958724204
2015-2019,KD,26,mon,1.5354037449754672,0.2,0.46909667194928684
2015-2019,KD,27,lääkär,1.521208693459538,0.1,0.4889705882352941
2015-2019,KD,28,selkeäst,1.4913728669607615,0.1,0.3446327683615819
2015-2019,KD,29,vaihtoehtobudjet,1.489704387948993,0.0,0.3829787234042553
2015-2019,KD,30,toisa,1.4840618689477745,0.1,0.5519287833827893
2015-2019,KD,31,merkittäv,1.480531152207225,0.3,0.48523985239852396
2015-2019,KD,32,olis kysyny,1.4502138241358669,0.2,0.9090909090909091
2015-2019,KD,33,kehitysyhteistyö,1.4119897160456836,0.3,0.5561497326203209
2015-2019,KD,34,kannustav,1.3796021671965044,0.0,0.3804347826086957
2015-2019,KD,35,tuli,1.346490645948304,0.0,0.26456692913385826
2015-2019,KD,36,toivo,1.330293807758892,0.2,0.32727272727272727
2015-2019,KD,37,tällain,1.294425631899795,0.2,0.3813559322033898
2015-2019,KD,38,ajatel,1.2597127517956044,0.2,0.752
2015-2019,KD,39,huomioid,1.2436755722142938,0.1,0.3413173652694611
2015-2019,KD,40,kysyny,1.2160341408530706,0.2,0.7358490566037735
2015-2019,KOK,1,eli,2.344351035024717,0.9,0.20503048780487804
2015-2019,KOK,2,tietyst,2.1053897410892097,0.9,0.16004886988393402
2015-2019,KOK,3,työtä,1.8537606265006954,0.9,0.15625
2015-2019,KOK,4,myösk,1.517119109645764,0.5,0.18233830845771146
2015-2019,KOK,5,työn,1.465911313981335,0.5,0.2415902140672783
2015-2019,KOK,6,pitä,1.4358167716878285,0.5,0.1612167300380228
2015-2019,KOK,7,ratkaisu,1.4096270688157835,0.5,0.15756035578144853
2015-2019,KOK,8,esimerk,1.2965753921283079,0.4,0.1931711880261927
2015-2019,KOK,9,pyri,1.1683412470078471,0.1,0.37209302325581395
2015-2019,KOK,10,usko,1.1660168065177499,0.3,0.14960629921259844
2015-2019,KOK,11,ensin,1.1562109411795016,0.3,0.28256880733944956
2015-2019,KOK,12,teem,1.1288388644088694,0.4,0.3476482617586912
2015-2019,KOK,13,kyse,1.1123684409971648,0.2,0.197098976109215
2015-2019,KOK,14,jokain,1.0981120947617495,0.2,0.12984822934232715
2015-2019,KOK,15,talous,1.07559272242695,0.1,0.2805071315372425
2015-2019,KOK,16,varmast,1.0572018867200372,0.1,0.17096999302163293
2015-2019,KOK,17,tehd,1.0461975175939937,0.2,0.15128205128205127
2015-2019,KOK,18,kiito,1.0424758447734768,0.0,0.7035175879396985
2015-2019,KOK,19,katso,1.032309076031825,0.3,0.13401253918495298
2015-2019,KOK,20,varhaiskasvatuks,1.0289901697967263,0.3,0.5503711558854719
2015-2019,KOK,21,pyr,1.0278625965421062,0.2,0.1725
2015-2019,KOK,22,erinomain,1.0214980597038412,0.0,0.19433198380566802
2015-2019,KOK,23,kokonaisuut,1.0109670702483906,0.3,0.18823529411764706
2015-2019,KOK,24,poisp,1.0025600304655229,0.1,0.4830508474576271
2015-2019,KOK,25,varhaiskasvatusmaksu,0.9774817632318653,0.0,0.2611111111111111
2015-2019,KOK,26,vahvist,0.9753022853565895,0.1,0.2074074074074074
2015-2019,KOK,27,siis,0.9634228198358084,0.2,0.2272317403065825
2015-2019,KOK,28,merkittäv,0.9633006062940253,0.1,0.21066152858060372
2015-2019,KOK,29,täl hetk,0.9494073515655816,0.1,0.17203742203742203
2015-2019,KOK,30,kiin,0.9444543686508158,0.1,0.20268256333830104
2015-2019,KOK,31,vahv,0.9379532019776644,0.1,0.15992647058823528
2015-2019,KOK,32,kaut,0.9355120430157697,0.1,0.16802800466744458
2015-2019,KOK,33,vero,0.9302895801176086,0.1,0.2289348171701113
2015-2019,KOK,34,johdo,0.9192558098240056,0.1,0.24093264248704663
2015-2019,KOK,35,poikkeuksellis,0.9179937912879701,0.1,0.2687224669603524
2015-2019,KOK,36,miljard,0.9149571656115117,0.1,0.21892925430210325
2015-2019,KOK,37,asia,0.9146075904304813,0.1,0.20430622009569377
2015-2019,KOK,38,hetk,0.9119281133315875,0.1,0.1990909090909091
2015-2019,KOK,39,tarkoitus,0.9109365713600269,0.0,0.08505747126436781
2015-2019,KOK,40,toine,0.9055298000288049,0.2,0.10521042084168336
2015-2019,PS,1,lakialoit,2.7050587787046663,1.0,0.2216547497446374
2015-2019,PS,2,maahanmuuto,2.2861374636038967,0.8,0.13249211356466878
2015-2019,PS,3,tosia,2.1948083339231066,0.9,0.22807017543859648
2015-2019,PS,4,kans,2.110036463062723,1.0,0.09152542372881356
2015-2019,PS,5,siel,2.1029954372004513,0.7,0.16598750339581636
2015-2019,PS,6,täytyy,1.9743986699845544,0.7,0.12612107623318386
2015-2019,PS,7,henkilö,1.95794997294172,0.7,0.1330998248686515
2015-2019,PS,8,oppositio,1.8291099415916041,0.8,0.1211519364448858
2015-2019,PS,9,sin,1.6232016949456998,0.4,0.19210053859964094
2015-2019,PS,10,site,1.5627760294825481,0.3,0.17852522639068563
2015-2019,PS,11,kute,1.5217469083896178,0.4,0.16842105263157894
2015-2019,PS,12,kuite,1.4994274858619632,0.4,0.10110679030810649
2015-2019,PS,13,muun,1.4984840180355037,0.5,0.15743138270326257
2015-2019,PS,14,aina,1.4860013866929842,0.3,0.17087845968712395
2015-2019,PS,15,turvapaikanhakij,1.4602211295192444,0.3,0.12538226299694188
2015-2019,PS,16,tule,1.410048317047456,0.4,0.09148640603294304
2015-2019,PS,17,eu,1.394366792680943,0.2,0.12238493723849372
2015-2019,PS,18,hallitusohjelm,1.386329913714273,0.1,0.12256267409470752
2015-2019,PS,19,asio,1.3354966809115452,0.3,0.16930693069306932
2015-2019,PS,20,tietyst,1.328708484536523,0.3,0.19261006289308177
2015-2019,PS,21,muas,1.3272875030255158,0.2,0.16406701328711729
2015-2019,PS,22,muun muas,1.326236725933068,0.2,0.16405797101449276
2015-2019,PS,23,kansalais,1.305790101646953,0.0,0.11959654178674352
2015-2019,PS,24,näin,1.2897459233806017,0.2,0.14339058999253174
2015-2019,PS,25,yle,1.2416702179400931,0.1,0.10320901994796183
2015-2019,PS,26,veronmaksaj,1.2348308255017557,0.2,0.144
2015-2019,PS,27,elik,1.2211741759239179,0.2,0.25675675675675674
2015-2019,PS,28,puhe,1.1987209638028573,0.2,0.19448698315467075
2015-2019,PS,29,kunnioitetu,1.1810103687571865,0.0,0.8227848101265823
2015-2019,PS,30,työpaiko,1.1649424418925527,0.2,0.09651898734177215
2015-2019,PS,31,mitä,1.1538517008347928,0.2,0.16150442477876106
2015-2019,PS,32,myös,1.1286809125170023,0.2,0.1316962075453015
2015-2019,PS,33,tuli,1.0832305909735402,0.1,0.12561174551386622
2015-2019,PS,34,jopa,1.074815079256608,0.0,0.11542100283822138
2015-2019,PS,35,kiitä,1.0709662511414453,0.1,0.23948220064724918
2015-2019,PS,36,kehitysapu,1.0692393423782323,0.1,0.2235294117647059
2015-2019,PS,37,jote,1.0549660481199914,0.1,0.21106821106821108
2015-2019,PS,38,esityks ehdot,1.0267938940152666,0.0,0.36585365853658536
2015-2019,PS,39,toimenpit,1.0148492293012423,0.1,0.17123287671232876
2015-2019,PS,40,eikä,1.0125179828853885,0.1,0.09316394434361766
2019-2023,VAS,1,työntekijö,2.200554502002702,0.8,0.17493472584856398
2019-2023,VAS,2,vasemmisto,2.1524847714831665,0.9,0.35443037974683544
2019-2023,VAS,3,kuink,1.93400865864605,0.7,0.36044362292051757
2019-2023,VAS,4,koulutuks,1.8664060313031385,0.6,0.46117084826762245
2019-2023,VAS,5,työnantaj,1.77963112125272,0.5,0.25
2019-2023,VAS,6,ihmist,1.712273262695091,0.6,0.12398042414355628
2019-2023,VAS,7,erit,1.6907567760928905,0.6,0.15178571428571427
2019-2023,VAS,8,toimeentulo,1.6804787810021804,0.6,0.16938110749185667
2019-2023,VAS,9,pienitulois,1.6468002041999885,0.5,0.2524271844660194
2019-2023,VAS,10,työttömyysturv,1.5489464244215951,0.7,0.24553571428571427
2019-2023,VAS,11,työttöm,1.466550610274472,0.2,0.16828478964401294
2019-2023,VAS,12,voito,1.4499147071509733,0.4,0.2246376811594203
2019-2023,VAS,13,mitenk,1.443424256229262,0.4,0.3253012048192771
2019-2023,VAS,14,pitä,1.4132791939917584,0.5,0.2692552514322088
2019-2023,VAS,15,mihink,1.357514656978359,0.4,0.711864406779661
2019-2023,VAS,16,erityis,1.3436523146195434,0.4,0.1386861313868613
2019-2023,VAS,17,tasa,1.3425022844054522,0.2,0.23419540229885058
2019-2023,VAS,18,leikkauks,1.3322599912325286,0.2,0.24571428571428572
2019-2023,VAS,19,eli,1.317563583758708,0.4,0.20176140912730184
2019-2023,VAS,20,olev,1.2904529485104432,0.3,0.11554447215295095
2019-2023,VAS,21,ammatillis,1.2627383023405137,0.4,0.6056910569105691
2019-2023,VAS,22,varhaiskasvatuks,1.2602492885934562,0.4,0.5401869158878505
2019-2023,VAS,23,osa,1.2568282974304996,0.4,0.19989852866565194
2019-2023,VAS,24,eikä,1.2501646109722304,0.1,0.17265193370165746
2019-2023,VAS,25,kela,1.2290993606487302,0.1,0.25547445255474455
2019-2023,VAS,26,sosiaaliturv,1.2190852640701892,0.3,0.3209302325581395
2019-2023,VAS,27,asem,1.2021105379304697,0.1,0.15296052631578946
2019-2023,VAS,28,näen,1.1754680435249756,0.4,0.3072289156626506
2019-2023,VAS,29,hyvinvointivaltio,1.1744219525532633,0.0,0.22916666666666666
2019-2023,VAS,30,työntekij,1.1353175742713446,0.1,0.21933085501858737
2019-2023,VAS,31,järjestelm,1.1051110744587556,0.0,0.1744186046511628
2019-2023,VAS,32,toimeentulotue,1.091955486672258,0.0,0.24
2019-2023,VAS,33,ole,1.0596676453748615,0.0,0.33
2019-2023,VAS,34,oikeisto,1.0561039835340398,0.0,0.3225806451612903
2019-2023,VAS,35,ammatillis koulutuks,1.0506944416736343,0.2,0.6162162162162163
2019-2023,VAS,36,hävittäj,1.0251650292346772,0.0,0.7671232876712328
2019-2023,VAS,37,mahdollist,1.0179925830852787,0.1,0.36964980544747084
2019-2023,VAS,38,etei,1.0157250357255376,0.0,0.17317073170731706
2019-2023,VAS,39,koulu,1.0124765456808538,0.4,0.5084337349397591
2019-2023,VAS,40,satakun,0.9617457769603843,0.1,1.0
2019-2023,SDP,1,kysymys,2.5301211391218104,0.9,0.22669190724088972
2019-2023,SDP,2,myösk,1.846742602056344,0.6,0.38842700365813104
2019-2023,SDP,3,ihmis,1.6347290043610738,0.7,0.2214584578601315
2019-2023,SDP,4,keskustelu,1.6271709765996278,0.5,0.20653107991979375
2019-2023,SDP,5,kokonaisuud,1.5581439933845922,0.6,0.23562412342215988
2019-2023,SDP,6,vuoks,1.547179597302992,0.5,0.1679160419790105
2019-2023,SDP,7,palvelu,1.5321728679416484,0.4,0.14715947980835045
2019-2023,SDP,8,eduskun,1.49734899881399,0.6,0.14574187884108866
2019-2023,SDP,9,tiete,1.476931041880804,0.5,0.2076271186440678
2019-2023,SDP,10,osa,1.4566248983704806,0.3,0.10847283908438675
2019-2023,SDP,11,iso,1.4255210492547747,0.4,0.24115456238361266
2019-2023,SDP,12,sosiaal terveydenhuolo,1.4066504647265918,0.2,0.4555160142348754
2019-2023,SDP,13,aidost,1.4039912163951649,0.6,0.5709219858156028
2019-2023,SDP,14,kokonaisuut,1.3083416931969205,0.3,0.196048632218845
2019-2023,SDP,15,tava,1.2927171459732905,0.3,0.21352628470171295
2019-2023,SDP,16,sosiaal,1.2852341599318566,0.2,0.28344958782498414
2019-2023,SDP,17,aikais,1.2755418582431006,0.3,0.17576664173522813
2019-2023,SDP,18,yhd,1.2567286453451385,0.2,0.15994166261545942
2019-2023,SDP,19,terveydenhuolo,1.2121017343054377,0.3,0.30303030303030304
2019-2023,SDP,20,os,1.1913498501077289,0.2,0.3070469798657718
2019-2023,SDP,21,liike,1.1898964092966335,0.3,0.404296875
2019-2023,SDP,22,kunt,1.1477083955473375,0.1,0.19771863117870722
2019-2023,SDP,23,neuvottelu,1.1459539989058514,0.2,0.32929782082324455
2019-2023,SDP,24,vahvast,1.0919603965770432,0.0,0.20381231671554254
2019-2023,SDP,25,kysymyks,1.0895268519330314,0.2,0.1604179471419791
2019-2023,SDP,26,prosent,1.0872067685115367,0.3,0.20280875671210244
2019-2023,SDP,27,sosiaalidemokraat,1.0857471241917762,0.0,0.18859649122807018
2019-2023,SDP,28,juuri,1.0044045733022415,0.1,0.17115130127922365
2019-2023,SDP,29,teem,1.0027867635485668,0.1,0.25601374570446733
2019-2023,SDP,30,samanaikais,0.9936142029914514,0.1,0.22112211221122113
2019-2023,SDP,31,yhteiskun,0.9641830993701059,0.0,0.19989423585404548
2019-2023,SDP,32,eläkkeensaaj,0.9565320474757139,0.2,0.5899581589958159
2019-2023,SDP,33,kokonaisuus,0.9516095193594971,0.1,0.2733990147783251
2019-2023,SDP,34,tulevaisuud,0.9508639062706473,0.0,0.12960122699386503
2019-2023,SDP,35,tehty,0.9421312086576872,0.1,0.12404870624048706
2019-2023,SDP,36,täl,0.9257776360327199,0.1,0.102803738317757
2019-2023,SDP,37,saam,0.9169743821084781,0.0,0.12027972027972028
2019-2023,SDP,38,totes,0.9149209602494887,0.1,0.2515527950310559
2019-2023,SDP,39,eli,0.8960751172032783,0.1,0.20478657784357265
2019-2023,SDP,40,halus,0.895552476125243,0.2,0.38170347003154576
2019-2023,VIHR,1,tärkeä,2.6712965770362707,1.0,0.1718377088305489
2019-2023,VIHR,2,kute,2.3115072105434153,0.9,0.11512959614225438
2019-2023,VIHR,3,ihmis,2.160110759631645,0.7,0.1410743353228432
2019-2023,VIHR,4,keino,2.143054826317184,0.8,0.1323671497584541
2019-2023,VIHR,5,tosia,2.137846974765686,0.8,0.1962962962962963
2019-2023,VIHR,6,myös,2.128831087667822,0.6,0.13631937682570594
2019-2023,VIHR,7,luono,1.9892838451371506,0.7,0.20447284345047922
2019-2023,VIHR,8,tietyst,1.9280022177686669,0.6,0.2636363636363636
2019-2023,VIHR,9,varmist,1.8030016577960815,0.4,0.19604612850082373
2019-2023,VIHR,10,tot kai,1.7513092196140476,0.6,0.273972602739726
2019-2023,VIHR,11,ilmastonmuutoks,1.7003464136689594,0.5,0.21123595505617979
2019-2023,VIHR,12,yks,1.6881946834371042,0.5,0.11304347826086956
2019-2023,VIHR,13,haast,1.6534011318775672,0.3,0.21266233766233766
2019-2023,VIHR,14,täytyy,1.6178646059050283,0.3,0.1979045401629802
2019-2023,VIHR,15,kestäv,1.6070437713101136,0.2,0.26884920634920634
2019-2023,VIHR,16,kai,1.5880663844384335,0.3,0.2703296703296703
2019-2023,VIHR,17,jatko,1.5495601722393997,0.3,0.1235480464625132
2019-2023,VIHR,18,kute tääl,1.5439855851485944,0.3,0.3222748815165877
2019-2023,VIHR,19,tot,1.4559068955246532,0.3,0.2226148409893993
2019-2023,VIHR,20,päästöj,1.4280033736654687,0.1,0.2222222222222222
2019-2023,VIHR,21,jot,1.3871551330823122,0.2,0.12828438948995363
2019-2023,VIHR,22,laps,1.3700646054154044,0.2,0.16145833333333334
2019-2023,VIHR,23,luonnonsuojelu,1.3500801802945177,0.3,0.2094240837696335
2019-2023,VIHR,24,eu,1.3315450344647526,0.1,0.23609467455621302
2019-2023,VIHR,25,yk,1.322931307026697,0.3,0.5015015015015015
2019-2023,VIHR,26,poliis,1.30420781599918,0.3,0.38449367088607594
2019-2023,VIHR,27,hiilineutraal,1.2686569256727167,0.1,0.18478260869565216
2019-2023,VIHR,28,moni,1.2596516660384574,0.1,0.15217391304347827
2019-2023,VIHR,29,keskustelu,1.2336688104654994,0.2,0.1380813953488372
2019-2023,VIHR,30,apu,1.2334367781232745,0.1,0.16477272727272727
2019-2023,VIHR,31,ratkaisu,1.230283966228478,0.2,0.12306201550387597
2019-2023,VIHR,32,nuort,1.2166706224276367,0.1,0.2185089974293059
2019-2023,VIHR,33,kesk,1.1899781707986734,0.1,0.17142857142857143
2019-2023,VIHR,34,luonto,1.1896664643756552,0.0,0.20676691729323307
2019-2023,VIHR,35,suojelu,1.1855940699293923,0.1,0.28104575163398693
2019-2023,VIHR,36,viisum,1.1738611543277073,0.1,0.42696629213483145
2019-2023,VIHR,37,joukkoliikent,1.1576491294002378,0.0,0.32608695652173914
2019-2023,VIHR,38,aiem,1.146952272154553,0.1,0.17558886509635974
2019-2023,VIHR,39,päästö,1.1467220010591554,0.0,0.15350877192982457
2019-2023,VIHR,40,ilmasto,1.1462565205986708,0.0,0.14106583072100312
2019-2023,KESK,1,aiva,2.0225346127782506,0.9,0.2434695244474213
2019-2023,KESK,2,pitä,1.7039722789016654,0.6,0.22496234939759036
2019-2023,KESK,3,tule,1.699785317104625,0.7,0.13736263736263737
2019-2023,KESK,4,erit,1.6752357538825646,0.7,0.12900529395374757
2019-2023,KESK,5,koko suome,1.6398789945976584,0.5,0.122
2019-2023,KESK,6,vaik,1.5927368656742535,0.5,0.1878453038674033
2019-2023,KESK,7,kasvu,1.5878019545388038,0.5,0.1499330655957162
2019-2023,KESK,8,maataloud,1.5629477468615967,0.5,0.1564927857935627
2019-2023,KESK,9,suomalais,1.498914972869994,0.4,0.13476643241008682
2019-2023,KESK,10,maakun,1.488761242977165,0.5,0.17290552584670232
2019-2023,KESK,11,tot,1.472143875083126,0.5,0.187211093990755
2019-2023,KESK,12,kyl,1.4617484446476496,0.5,0.11313291139240507
2019-2023,KESK,13,vaalikaud,1.4065287445744965,0.3,0.12995245641838352
2019-2023,KESK,14,hyvä,1.4043523793206978,0.3,0.13286163522012578
2019-2023,KESK,15,mets,1.3718796419411394,0.2,0.443010752688172
2019-2023,KESK,16,energia,1.3524247668845988,0.2,0.25608342989571264
2019-2023,KESK,17,isänm,1.343358673287631,0.3,0.2783882783882784
2019-2023,KESK,18,ansiok,1.3384439860754775,0.4,0.4857142857142857
2019-2023,KESK,19,linj,1.3055772753007402,0.3,0.08748824082784572
2019-2023,KESK,20,oikea,1.2345764217668662,0.1,0.13370473537604458
2019-2023,KESK,21,aiva kute,1.1657138311909738,0.1,0.13768115942028986
2019-2023,KESK,22,maaseudu,1.1651061440557071,0.3,0.150390625
2019-2023,KESK,23,kaik,1.1436782777653027,0.1,0.1507792207792208
2019-2023,KESK,24,yrityks,1.1177215978594737,0.0,0.13612836438923395
2019-2023,KESK,25,tot kai,1.111324259353582,0.1,0.20046082949308755
2019-2023,KESK,26,myös,1.0629139405088932,0.2,0.08419697457354361
2019-2023,KESK,27,kunnioitetu,1.0470266529465806,0.1,0.7955555555555556
2019-2023,KESK,28,kotimais,1.0460861127887682,0.1,0.19960474308300397
2019-2023,KESK,29,aiva oike,1.0460642332062426,0.1,0.23880597014925373
2019-2023,KESK,30,budjet,1.0346950553002607,0.1,0.11635220125786164
2019-2023,KESK,31,verrat,1.0288374129771014,0.1,0.5416666666666666
2019-2023,KESK,32,erinomain,1.0248231459113915,0.1,0.22935779816513763
2019-2023,KESK,33,oma miele,1.0210007646661903,0.1,0.8740740740740741
2019-2023,KESK,34,maakunt,1.0083070377268704,0.0,0.15088757396449703
2019-2023,KESK,35,maas,1.0062153740021798,0.1,0.35527426160337555
2019-2023,KESK,36,varmast,1.0029104083572506,0.2,0.22511974454497072
2019-2023,KESK,37,puolustusvoim,0.999413570295339,0.1,0.37681159420289856
2019-2023,KESK,38,pidä,0.9978853736778446,0.1,0.1479413817166783
2019-2023,KESK,39,yrityst,0.9956740725722778,0.2,0.15368421052631578
2019-2023,KESK,40,oppositio,0.989396054076229,0.0,0.12524850894632206
2019-2023,RKP,1,oikeusministeriö,3.0002193358472313,0.7,0.974025974025974
2019-2023,RKP,2,tiete,2.6691440499939176,0.9,0.43414634146341463
2019-2023,RKP,3,elik,2.6322999936047076,0.8,0.6487804878048781
2019-2023,RKP,4,ehk,2.2529902664673793,0.8,0.30357142857142855
2019-2023,RKP,5,yrit,1.9995998975252838,0.6,0.5393258426966292
2019-2023,RKP,6,varm,1.9567980711026358,0.7,0.45
2019-2023,RKP,7,poht,1.9184762732968121,0.8,0.5932203389830508
2019-2023,RKP,8,tasa,1.80322441550964,0.6,0.5972222222222222
2019-2023,RKP,9,äärimmäis,1.6341570029697436,0.6,0.5867768595041323
2019-2023,RKP,10,oleel,1.6147433245696525,0.7,0.9736842105263158
2019-2023,RKP,11,toki,1.604629616276636,0.4,0.5789473684210527
2019-2023,RKP,12,hyvä,1.5936192799464346,0.2,0.33276157804459694
2019-2023,RKP,13,mite,1.593572908439412,0.4,0.3384615384615385
2019-2023,RKP,14,as,1.5763503344106184,0.3,0.4497354497354497
2019-2023,RKP,15,myös,1.5605569695323838,0.5,0.5936883629191322
2019-2023,RKP,16,kohdistuv,1.5591194845410707,0.3,0.5057471264367817
2019-2023,RKP,17,hyvä as,1.5443182686404135,0.3,0.4225352112676056
2019-2023,RKP,18,tuomioistuim,1.4883781914523115,0.7,0.8983050847457628
2019-2023,RKP,19,nost es,1.4702245429436116,0.3,0.39805825242718446
2019-2023,RKP,20,tärk,1.4540492218435959,0.1,0.4142857142857143
2019-2023,RKP,21,pohjoism,1.4206430550977311,0.2,0.525
2019-2023,RKP,22,pohd,1.4151771483890847,0.2,0.7931034482758621
2019-2023,RKP,23,naist,1.4051921966240106,0.3,0.6231884057971014
2019-2023,RKP,24,voi,1.3628554719415473,0.1,0.38227146814404434
2019-2023,RKP,25,saaristo,1.3093893172508801,0.0,0.5384615384615384
2019-2023,RKP,26,tak,1.2888694726363172,0.5,0.7985347985347986
2019-2023,RKP,27,oikeusminister,1.261332174397046,0.3,0.8095238095238095
2019-2023,RKP,28,nost,1.2595536773786804,0.0,0.40106951871657753
2019-2023,RKP,29,nais,1.2414761317840128,0.0,0.3972602739726027
2019-2023,RKP,30,parant,1.2316543506757143,0.0,0.45
2019-2023,RKP,31,ehdot,1.2304886871541227,0.1,0.8108108108108109
2019-2023,RKP,32,panost,1.2224986229445851,0.1,0.4157303370786517
2019-2023,RKP,33,oikeusvaltio,1.2153947546632062,0.0,0.5254237288135594
2019-2023,RKP,34,halua myös,1.2102138899122907,0.0,0.4358974358974359
2019-2023,RKP,35,syytä,1.2000213449455963,0.2,0.5178571428571429
2019-2023,RKP,36,tosi,1.1644391685476323,0.1,0.7954545454545454
2019-2023,RKP,37,toimenpit,1.1638626682407627,0.0,0.49523809523809526
2019-2023,RKP,38,tule,1.1561780441609435,0.1,0.46214511041009465
2019-2023,RKP,39,tänä,1.1489040192509261,0.0,0.2900763358778626
2019-2023,RKP,40,tuomioistu,1.14634093722928,0.0,0.7619047619047619
2019-2023,KD,1,tode,3.235829840228989,1.0,0.4259950248756219
2019-2023,KD,2,kyl,3.049946387108978,1.0,0.4122228879568604
2019-2023,KD,3,sit,2.7357223688537697,0.8,0.6352789422766849
2019-2023,KD,4,ajattel,2.6401354935549097,1.0,0.33618233618233617
2019-2023,KD,5,eduskuntaryhm,2.586039132517612,0.8,0.5519125683060109
2019-2023,KD,6,kohd,2.3837958262014003,0.9,0.5505882352941176
2019-2023,KD,7,näit,2.1724856333158273,0.8,0.9242424242424242
2019-2023,KD,8,toisa,2.1385779987228775,0.6,0.5652173913043478
2019-2023,KD,9,voisi sano,2.084762182952967,0.8,0.9683257918552036
2019-2023,KD,10,halunu,2.0360101178356755,0.8,0.7045454545454546
2019-2023,KD,11,terveydenhuolo,2.0250081895222634,0.5,0.459214501510574
2019-2023,KD,12,miele,1.9593316110752141,0.8,0.6403269754768393
2019-2023,KD,13,toivo,1.9204127456623667,0.5,0.44481054365733114
2019-2023,KD,14,tava,1.7911468681615035,0.4,0.5784518828451883
2019-2023,KD,15,kysy,1.7813725545468873,0.2,0.26869806094182824
2019-2023,KD,16,lääkär,1.7800091546331012,0.4,0.4672897196261682
2019-2023,KD,17,tuli,1.770551494550995,0.3,0.34190620272314676
2019-2023,KD,18,minister,1.7673998215067208,0.1,0.407158836689038
2019-2023,KD,19,potil,1.729594311804758,0.2,0.5944444444444444
2019-2023,KD,20,esityks,1.681880617456254,0.3,0.354140127388535
2019-2023,KD,21,erilais,1.63494820006126,0.1,0.6214442013129103
2019-2023,KD,22,ikä,1.6265507163002568,0.2,0.37318840579710144
2019-2023,KD,23,ajat,1.6115398542246155,0.1,0.6938775510204082
2019-2023,KD,24,vaihtoehtobudjet,1.6068092621620633,0.3,0.42857142857142855
2019-2023,KD,25,halunu kysy,1.605374283195853,0.1,0.6111111111111112
2019-2023,KD,26,kannatettav,1.6040806087734598,0.0,0.4409937888198758
2019-2023,KD,27,mon,1.579319922565918,0.2,0.3787878787878788
2019-2023,KD,28,abort,1.5470919129673038,0.0,0.6796536796536796
2019-2023,KD,29,asianomais minister,1.5455184830484445,0.1,0.3783783783783784
2019-2023,KD,30,tarvit,1.514673067792029,0.0,0.6126126126126126
2019-2023,KD,31,tarpeellin,1.5032126325044268,0.0,0.6
2019-2023,KD,32,samo,1.4912114952064173,0.3,0.4260869565217391
2019-2023,KD,33,esitys,1.4534316636911517,0.1,0.37817258883248733
2019-2023,KD,34,eikö,1.4414569971487787,0.1,0.42342342342342343
2019-2023,KD,35,asianomais,1.4351378765442182,0.0,0.375
2019-2023,KD,36,voisi,1.4311368292242972,0.0,0.5161787365177196
2019-2023,KD,37,tähd,1.4051002728808133,0.0,0.8482142857142857
2019-2023,KD,38,pikais,1.3881704442625828,0.0,0.43902439024390244
2019-2023,KD,39,hoitaj,1.3825793258252028,0.1,0.45977011494252873
2019-2023,KD,40,mone,1.3761821109850179,0.2,0.3019230769230769
2019-2023,KOK,1,pääminister,3.098414870794424,1.0,0.2023643949930459
2019-2023,KOK,2,hallituks,2.2805451550699876,0.9,0.0795066911571766
2019-2023,KOK,3,minister,2.243113225607584,0.9,0.17222349965509312
2019-2023,KOK,4,hallituspuolue,2.1330891999525035,1.0,0.12232779097387174
2019-2023,KOK,5,kysy,2.0821855689345705,0.8,0.12492803684513529
2019-2023,KOK,6,lakialoit,1.7670441534638883,0.5,0.10903426791277258
2019-2023,KOK,7,terapiataku,1.6554834197912272,0.8,0.1662269129287599
2019-2023,KOK,8,asia,1.5364422475383548,0.4,0.11637854214934949
2019-2023,KOK,9,siis,1.46841926334991,0.5,0.14778921865536038
2019-2023,KOK,10,pitäi,1.460213455829345,0.2,0.12093933463796477
2019-2023,KOK,11,valtiovarainminister,1.460123504502052,0.4,0.18646616541353384
2019-2023,KOK,12,sivistysvaliokun,1.444661869174344,0.3,0.7096774193548387
2019-2023,KOK,13,tääl,1.399453641555935,0.3,0.15446071904127828
2019-2023,KOK,14,valitettav,1.3879348539982412,0.4,0.1085383502170767
2019-2023,KOK,15,perusteltu,1.3503706095602592,0.1,0.14420803782505912
2019-2023,KOK,16,nimit,1.3410641273178552,0.3,0.20418848167539266
2019-2023,KOK,17,toivottav,1.336218371629021,0.3,0.1623222748815166
2019-2023,KOK,18,talousvaliokun,1.3122055449829753,0.3,0.4634974533106961
2019-2023,KOK,19,opettaj,1.29726772203802,0.3,0.2830985915492958
2019-2023,KOK,20,kannat,1.2623957973958713,0.1,0.17723453017570664
2019-2023,KOK,21,aiot,1.2579993445106776,0.1,0.13043478260869565
2019-2023,KOK,22,miel,1.2482741322148407,0.1,0.1545031055900621
2019-2023,KOK,23,kysyis,1.2137875003677068,0.1,0.2193103448275862
2019-2023,KOK,24,yrittäj,1.2112271763709517,0.3,0.10957910014513789
2019-2023,KOK,25,esittäny,1.2020516157288106,0.2,0.11
2019-2023,KOK,26,pitä,1.1904950200736697,0.2,0.16729509823377653
2019-2023,KOK,27,asiantuntij,1.1611687117879148,0.2,0.12026726057906459
2019-2023,KOK,28,täys,1.1090338224008234,0.2,0.09805510534846029
2019-2023,KOK,29,tietyst,1.0990666555041133,0.2,0.19959778783308196
2019-2023,KOK,30,vasemmistohallituks,1.0988045211329294,0.1,0.517948717948718
2019-2023,KOK,31,syys,1.0684113098993033,0.1,0.45864661654135336
2019-2023,KOK,32,hallitus,1.061129233112832,0.0,0.10421052631578948
2019-2023,KOK,33,suome,1.0545569123792167,0.1,0.09112389562358743
2019-2023,KOK,34,työpaik,1.0534093712437227,0.1,0.10843373493975904
2019-2023,KOK,35,vaihtoehtobudjet,1.0439165455234563,0.1,0.08557046979865772
2019-2023,KOK,36,hiema,1.0428214084818317,0.2,0.12677878395860284
2019-2023,KOK,37,eihä,1.0172951369191825,0.0,0.2119700748129676
2019-2023,KOK,38,no,1.0068812993161547,0.0,0.16374714394516374
2019-2023,KOK,39,eli,0.9898281444088435,0.1,0.11262638137785093
2019-2023,KOK,40,ravintolo,0.9876811131759388,0.1,0.1339031339031339
2019-2023,PS,1,raha,2.7179846071400684,0.9,0.09113376583256101
2019-2023,PS,2,kans,2.315235309852289,0.9,0.16457461645746166
2019-2023,PS,3,maahanmuuto,2.1698876255565294,0.9,0.1512469831053902
2019-2023,PS,4,oikeast,2.0685132906815573,0.6,0.3709556057185854
2019-2023,PS,5,jopa,2.0626856669448115,0.8,0.06957649092480553
2019-2023,PS,6,ongelm,2.0563363950903266,0.7,0.08658367911479944
2019-2023,PS,7,edes,2.005215336950549,0.7,0.08639186900056466
2019-2023,PS,8,siel,1.8973143929742684,0.7,0.1287194918087596
2019-2023,PS,9,pitäi,1.842391705156422,0.5,0.1079492731209403
2019-2023,PS,10,henkilö,1.7434115049581442,0.5,0.12483801295896328
2019-2023,PS,11,aiot,1.6968254257837394,0.4,0.10982658959537572
2019-2023,PS,12,kuite,1.646790372452172,0.4,0.06622114216281895
2019-2023,PS,13,mitä,1.6237825274569846,0.2,0.10076130765785939
2019-2023,PS,14,kunnioitetu,1.6227603940540143,0.4,0.7719298245614035
2019-2023,PS,15,eikä,1.601610554896347,0.3,0.06819739547635367
2019-2023,PS,16,lisä,1.5216329945565552,0.3,0.0595903165735568
2019-2023,PS,17,puhe,1.5073160569329,0.2,0.08645054031587697
2019-2023,PS,18,kansalais,1.4826983468175277,0.3,0.1386748844375963
2019-2023,PS,19,veronmaksaj,1.4793607456794031,0.3,0.11467116357504216
2019-2023,PS,20,sin,1.4523081372114255,0.2,0.147687717553456
2019-2023,PS,21,vastalaus,1.4477946330217404,0.1,0.09482758620689655
2019-2023,PS,22,tuli,1.328030998047717,0.2,0.10023624704691192
2019-2023,PS,23,lakialoit,1.3155112423348252,0.2,0.11835973904939422
2019-2023,PS,24,kustannuks,1.2667257774833485,0.2,0.0876595744680851
2019-2023,PS,25,välttämät,1.2553436193026002,0.1,0.1273972602739726
2019-2023,PS,26,suomalaist,1.2345824978873428,0.1,0.0668693009118541
2019-2023,PS,27,hallituspuolue,1.219505952590143,0.0,0.09052333804809053
2019-2023,PS,28,elik,1.2177429686411207,0.3,0.17691154422788605
2019-2023,PS,29,olet,1.2007812931414503,0.2,0.07249466950959488
2019-2023,PS,30,kute,1.1999380170597493,0.1,0.10349166404529726
2019-2023,PS,31,aina,1.1880851273493591,0.1,0.09779655900996076
2019-2023,PS,32,maks,1.1606755766219865,0.0,0.09456264775413711
2019-2023,PS,33,äsk,1.1605219981544113,0.2,0.15548281505728315
2019-2023,PS,34,ostovoim,1.157493738522864,0.0,0.11458333333333333
2019-2023,PS,35,elpymispaket,1.11583897330726,0.0,0.13691275167785236
2019-2023,PS,36,valtio,1.1135934807538028,0.1,0.08602150537634409
2019-2023,PS,37,auto,1.103261544890723,0.0,0.19215155615696888
2019-2023,PS,38,tän,1.102968524226586,0.0,0.16905444126074498
2019-2023,PS,39,italia,1.1025635493899388,0.0,0.1302170283806344
2019-2023,PS,40,eu,1.0968456416555716,0.0,0.09611451942740286
2023-2027,VAS,1,leikkauks,2.4413250907881237,1.0,0.11809685641461343
2023-2027,VAS,2,pienitulois,2.312551076654592,0.8,0.21862348178137653
2023-2027,VAS,3,työntekijö,2.117562445687298,0.7,0.1407185628742515
2023-2027,VAS,4,sosiaaliturvaleikkauks,2.1008912632045584,0.9,0.21794871794871795
2023-2027,VAS,5,leika,2.0737662256395653,0.8,0.14991762767710048
2023-2027,VAS,6,politiik,1.98722718956541,0.8,0.17663817663817663
2023-2027,VAS,7,pääminister,1.9332552960610419,0.6,0.21014492753623187
2023-2027,VAS,8,leikkaat,1.9174548360784507,0.7,0.1797752808988764
2023-2027,VAS,9,asem,1.8675408934958178,0.4,0.16647398843930636
2023-2027,VAS,10,ydinas,1.71739827226924,0.4,0.5826771653543307
2023-2027,VAS,11,vanhuspalvelu,1.6857217923812648,0.3,0.20833333333333334
2023-2027,VAS,12,hallituspuolue,1.6557977088651132,0.4,0.19948186528497408
2023-2027,VAS,13,heikent,1.6052005185299894,0.4,0.14330218068535824
2023-2027,VAS,14,toimeentulo,1.5740659559953938,0.4,0.16752577319587628
2023-2027,VAS,15,ihmis,1.5606076701457048,0.2,0.16870748299319727
2023-2027,VAS,16,seurauks,1.5544806694816562,0.3,0.15306122448979592
2023-2027,VAS,17,toimeentulotue,1.5113757670886516,0.3,0.1662531017369727
2023-2027,VAS,18,leikkaam,1.5080748140181106,0.3,0.22869955156950672
2023-2027,VAS,19,kyse,1.460287693798808,0.4,0.168141592920354
2023-2027,VAS,20,tääl,1.4516857863407675,0.3,0.20581113801452786
2023-2027,VAS,21,sosiaaliturv,1.4502182042428344,0.2,0.18005540166204986
2023-2027,VAS,22,sama aika,1.4471246957441584,0.4,0.24145299145299146
2023-2027,VAS,23,heikennyks,1.4444902779813913,0.4,0.20540540540540542
2023-2027,VAS,24,rik,1.444324699725474,0.2,0.25
2023-2027,VAS,25,edes,1.4243551977235689,0.2,0.1494949494949495
2023-2027,VAS,26,sija,1.3824749539465888,0.0,0.20512820512820512
2023-2027,VAS,27,esitys,1.362654757071472,0.2,0.14425770308123248
2023-2027,VAS,28,ihmist,1.337265887028999,0.3,0.15236686390532544
2023-2027,VAS,29,israel,1.3140418334392705,0.0,0.2578397212543554
2023-2027,VAS,30,pienituloist,1.3110407056944173,0.1,0.1497326203208556
2023-2027,VAS,31,hallituks,1.3054771669401064,0.2,0.12798408488063662
2023-2027,VAS,32,ihmisoikeuks,1.3020508058916775,0.1,0.30612244897959184
2023-2027,VAS,33,esityks,1.2930132930338267,0.2,0.1430635838150289
2023-2027,VAS,34,oikeistohallituks,1.2828953515610384,0.0,0.2727272727272727
2023-2027,VAS,35,oikeisto,1.2817098996730785,0.1,0.2804878048780488
2023-2027,VAS,36,leikkaust,1.2697501634356234,0.1,0.1568627450980392
2023-2027,VAS,37,veroast,1.2505135864876138,0.0,0.5934065934065934
2023-2027,VAS,38,oikeistohallitus,1.2376412102763985,0.0,0.2692307692307692
2023-2027,VAS,39,trump,1.2122482069629108,0.0,0.2708333333333333
2023-2027,VAS,40,kute,1.2101649962423455,0.2,0.21631644004944375
2023-2027,SDP,1,palkansaaj,2.471422160342312,1.0,0.16458333333333333
2023-2027,SDP,2,työeläm,2.155278480736893,0.9,0.1831708568496665
2023-2027,SDP,3,sit,1.8520488525420735,0.6,0.2277551613841233
2023-2027,SDP,4,sosiaalidemokraat,1.821193898665716,0.5,0.16666666666666666
2023-2027,SDP,5,pääminister,1.8170245329022592,0.5,0.1495983935742972
2023-2027,SDP,6,tääl,1.8007252434246435,0.7,0.20500972762645914
2023-2027,SDP,7,aika,1.7643417503526178,0.9,0.21105418074784693
2023-2027,SDP,8,leikkauks,1.569998103331319,0.4,0.08090185676392574
2023-2027,SDP,9,työntekijö,1.5204723115503476,0.5,0.21647677475898336
2023-2027,SDP,10,työntekij,1.5197492280865355,0.5,0.2240365774003919
2023-2027,SDP,11,miljoon,1.5048211651130388,0.4,0.24055746313875984
2023-2027,SDP,12,työnantaj,1.4728480564997792,0.5,0.19398711524695778
2023-2027,SDP,13,pitäi,1.4690638166434495,0.4,0.3686708860759494
2023-2027,SDP,14,asio,1.4170068605952924,0.3,0.2742261103633917
2023-2027,SDP,15,tava,1.4067394106859827,0.4,0.2009300048947626
2023-2027,SDP,16,osa,1.3614827581931164,0.2,0.202736665735828
2023-2027,SDP,17,kysymys,1.350484585648135,0.2,0.1444332998996991
2023-2027,SDP,18,tänä,1.3455279607809305,0.2,0.10020661157024793
2023-2027,SDP,19,kyl,1.3394115347837003,0.2,0.13145604395604396
2023-2027,SDP,20,sen tak,1.2955021092958934,0.2,0.891640866873065
2023-2027,SDP,21,yhteyd,1.2929290686134893,0.1,0.17264386989157632
2023-2027,SDP,22,työttömyysturv,1.2449012539246875,0.1,0.26953467954345917
2023-2027,SDP,23,heikennyks,1.2243983001114598,0.2,0.16196136701337296
2023-2027,SDP,24,kuink,1.2038044385260387,0.2,0.2683877252800779
2023-2027,SDP,25,äsk,1.191147586348944,0.4,0.2787878787878788
2023-2027,SDP,26,os,1.1262096036795888,0.1,0.20836621941594316
2023-2027,SDP,27,sen,1.1232988234548262,0.1,0.6138059701492538
2023-2027,SDP,28,prosent,1.121877160113173,0.4,0.26428141912206854
2023-2027,SDP,29,kannatettav,1.115190340216303,0.0,0.14556962025316456
2023-2027,SDP,30,aidost,1.1148505029029327,0.2,0.12941176470588237
2023-2027,SDP,31,leika,1.1066424301417677,0.0,0.1064406779661017
2023-2027,SDP,32,vuode,1.084949307639119,0.1,0.18370739817123857
2023-2027,SDP,33,tosiasiallis,1.0795577187271208,0.1,0.48394495412844035
2023-2027,SDP,34,euro,1.0675474431039322,0.1,0.18234265734265734
2023-2027,SDP,35,iso,1.0653096427586501,0.2,0.35732553891121666
2023-2027,SDP,36,vuoks,1.0588023286342747,0.1,0.17704122877930478
2023-2027,SDP,37,vaalej,1.0429367553488287,0.1,0.16536964980544747
2023-2027,SDP,38,hallituks,1.0399970081497971,0.0,0.08588531274399236
2023-2027,SDP,39,oikeudenmukais,1.031743702164516,0.1,0.09302325581395349
2023-2027,SDP,40,en vaalej,1.027433765087196,0.1,0.17446808510638298
2023-2027,VIHR,1,hallituks,2.643030831223965,1.0,0.1603433951813902
2023-2027,VIHR,2,luono,2.5905287456690367,1.0,0.32625482625482627
2023-2027,VIHR,3,ajattel,2.48211780316474,0.8,0.2094240837696335
2023-2027,VIHR,4,hallitus,2.376767415029903,0.8,0.18163383545770567
2023-2027,VIHR,5,tode,2.3545394315092585,0.7,0.3288590604026846
2023-2027,VIHR,6,ilmastotoim,2.302949481004049,0.9,0.28205128205128205
2023-2027,VIHR,7,päästöj,2.1803641577663386,0.7,0.25304136253041365
2023-2027,VIHR,8,keino,2.0114201712314075,0.7,0.24701670644391407
2023-2027,VIHR,9,leikkauks,1.9913933904830956,0.8,0.16770186335403728
2023-2027,VIHR,10,ympäristö,1.9544307831331014,0.5,0.28180039138943247
2023-2027,VIHR,11,ilmasto,1.8775378188670058,0.5,0.29497907949790797
2023-2027,VIHR,12,pitäi,1.8425283491911089,0.4,0.23333333333333334
2023-2027,VIHR,13,tietyst,1.8170146540729093,0.6,0.6661631419939577
2023-2027,VIHR,14,kysyny,1.811941291410657,0.4,0.43661971830985913
2023-2027,VIHR,15,miet,1.7135182228697343,0.5,0.40869565217391307
2023-2027,VIHR,16,luontokado,1.702637100731009,0.4,0.2803738317757009
2023-2027,VIHR,17,kuite,1.6957987970579662,0.3,0.13711414213926776
2023-2027,VIHR,18,myös,1.659169597088751,0.4,0.20554540926448614
2023-2027,VIHR,19,asiantuntij,1.647610727851759,0.3,0.2964824120603015
2023-2027,VIHR,20,leika,1.638712920944733,0.3,0.1511111111111111
2023-2027,VIHR,21,olis,1.564556787167728,0.2,0.7297297297297297
2023-2027,VIHR,22,vihreä,1.560123300455423,0.1,0.19242902208201892
2023-2027,VIHR,23,luonto,1.558936474821966,0.1,0.29642857142857143
2023-2027,VIHR,24,ilmastokriis,1.5543566245745144,0.1,0.2694610778443114
2023-2027,VIHR,25,ihmis,1.5068944760922727,0.1,0.1787709497206704
2023-2027,VIHR,26,mite,1.5001652131804277,0.1,0.2384937238493724
2023-2027,VIHR,27,tosia,1.4903904511968773,0.3,0.274442538593482
2023-2027,VIHR,28,tak,1.4714111802994059,0.5,0.3620457604306864
2023-2027,VIHR,29,valitettav,1.4397669516241862,0.0,0.3490853658536585
2023-2027,VIHR,30,pääminister,1.3863347995366269,0.2,0.2
2023-2027,VIHR,31,eläint,1.342243414608705,0.2,0.4061224489795918
2023-2027,VIHR,32,no,1.329214598085816,0.1,0.318359375
2023-2027,VIHR,33,haitallis,1.3258186204661888,0.1,0.2660098522167488
2023-2027,VIHR,34,olis kysyny,1.3238709314483026,0.0,0.8275862068965517
2023-2027,VIHR,35,risk,1.287924848852171,0.1,0.147239263803681
2023-2027,VIHR,36,köyhyyt,1.2593235100071971,0.0,0.18243243243243243
2023-2027,VIHR,37,yritystuk,1.2535897284013031,0.0,0.33035714285714285
2023-2027,VIHR,38,sinä,1.235997266356391,0.0,0.289198606271777
2023-2027,VIHR,39,aidost,1.2313601782646977,0.0,0.2645739910313901
2023-2027,VIHR,40,huol,1.1930114131907608,0.2,0.15682967959527824
2023-2027,KESK,1,vaalikaud,2.1854623179194155,0.9,0.15656565656565657
2023-2027,KESK,2,itäis suome,2.185114744042811,0.9,0.530938123752495
2023-2027,KESK,3,itäis,2.152247572608967,0.9,0.4846846846846847
2023-2027,KESK,4,kyl,2.1418586494095893,0.8,0.1294178794178794
2023-2027,KESK,5,pitä,2.09672716837721,0.7,0.22950290510006455
2023-2027,KESK,6,kysy,2.0511429079152643,0.8,0.09852670349907919
2023-2027,KESK,7,maakun,2.025417039293785,1.0,0.1362530413625304
2023-2027,KESK,8,siel,1.9565474263343454,0.7,0.21551724137931033
2023-2027,KESK,9,pohjois,1.9167992214292013,0.7,0.17369093231162197
2023-2027,KESK,10,kunnioitetu,1.8019219492411935,0.8,0.909433962264151
2023-2027,KESK,11,lähipalvelu,1.709691586467708,0.3,0.1329479768786127
2023-2027,KESK,12,kannatai,1.7023772019209527,0.4,0.30739299610894943
2023-2027,KESK,13,valtiovarainminister,1.691570026765103,0.5,0.1824175824175824
2023-2027,KESK,14,nimit,1.6208089808753432,0.5,0.18049792531120332
2023-2027,KESK,15,vastalaus,1.6164632467178541,0.3,0.14502164502164502
2023-2027,KESK,16,maaseudu,1.5571914358521028,0.5,0.2014519056261343
2023-2027,KESK,17,tule,1.4032772212749427,0.2,0.16658642272508425
2023-2027,KESK,18,yrittäj,1.4031709973213857,0.3,0.15307820299500832
2023-2027,KESK,19,viime vaalikaud,1.3829612125438042,0.1,0.19
2023-2027,KESK,20,maataloud,1.3485246429780502,0.2,0.23316912972085385
2023-2027,KESK,21,alue,1.3380563791084406,0.5,0.16042267050912584
2023-2027,KESK,22,on,1.3361773883928318,0.1,0.1424581005586592
2023-2027,KESK,23,toivo,1.3360989381295398,0.3,0.3233082706766917
2023-2027,KESK,24,maakunt,1.3035874827816605,0.0,0.15639810426540285
2023-2027,KESK,25,hallituspuolue,1.2347180768483055,0.0,0.12237762237762238
2023-2027,KESK,26,hyvinvointialue,1.2073840169801255,0.3,0.14962702939885913
2023-2027,KESK,27,juna,1.1970053515807553,0.2,0.1646586345381526
2023-2027,KESK,28,kunto,1.1777910861007037,0.2,0.3036529680365297
2023-2027,KESK,29,oikea,1.1576664200166442,0.0,0.13528591352859135
2023-2027,KESK,30,näin,1.1569900793723984,0.0,0.1400800457404231
2023-2027,KESK,31,kiinteistövero,1.1206294756317736,0.0,0.16883116883116883
2023-2027,KESK,32,toi,1.1187154448928867,0.1,0.3392070484581498
2023-2027,KESK,33,terveyspalvelu,1.1111803039825154,0.0,0.11153119092627599
2023-2027,KESK,34,hom,1.1037458605189228,0.1,0.684931506849315
2023-2027,KESK,35,hin,1.1021971232676642,0.0,0.2453900709219858
2023-2027,KESK,36,yrityks,1.0911784528297823,0.0,0.10090984284532671
2023-2027,KESK,37,tun juna,1.0907518140310604,0.0,0.1921182266009852
2023-2027,KESK,38,yöpäivystyks,1.0903059679493923,0.1,0.3223684210526316
2023-2027,KESK,39,tun,1.0898607596081686,0.0,0.12289156626506025
2023-2027,KESK,40,eduskun,1.07342457667073,0.0,0.11697660467906419
2023-2027,RKP,1,myösk,3.450663671521359,0.7,0.6646616541353384
2023-2027,RKP,2,koulu,3.30000170008221,1.0,0.4918032786885246
2023-2027,RKP,3,panost,3.0245687419838694,1.0,0.3878787878787879
2023-2027,RKP,4,tiete,2.54414177266846,0.9,0.6756756756756757
2023-2027,RKP,5,tosi,2.4974176168550977,1.0,0.45528455284552843
2023-2027,RKP,6,tärkeä,2.4243587497842083,0.9,0.2722063037249284
2023-2027,RKP,7,panostuks,1.9048528981067385,0.8,0.30985915492957744
2023-2027,RKP,8,oppimis,1.7024375558553928,0.9,0.6404494382022472
2023-2027,RKP,9,as,1.53531233598509,0.4,0.2742616033755274
2023-2027,RKP,10,luoda,1.5114465049362402,0.6,0.22641509433962265
2023-2027,RKP,11,ehk,1.496387676725634,0.5,0.3557692307692308
2023-2027,RKP,12,varhaiskasvatuks,1.4961368469369087,0.7,0.5076923076923077
2023-2027,RKP,13,peruskoulu,1.4936996761595656,0.6,0.62
2023-2027,RKP,14,voim,1.4525851602050703,0.4,0.21311475409836064
2023-2027,RKP,15,tutkinto,1.440068237270332,0.2,0.8
2023-2027,RKP,16,löytyy,1.4330414655176933,0.6,0.581081081081081
2023-2027,RKP,17,ajattel,1.4134441628414494,0.5,0.41
2023-2027,RKP,18,muist,1.35520869420458,0.0,0.19230769230769232
2023-2027,RKP,19,tosi tärkeä,1.3076662216899193,0.0,0.45454545454545453
2023-2027,RKP,20,opettaj,1.3007004866152319,0.0,0.4945054945054945
2023-2027,RKP,21,ensisijais tärkeä,1.270513280736751,0.3,1.0
2023-2027,RKP,22,enem,1.2610880664752657,0.1,0.24324324324324326
2023-2027,RKP,23,hyvä,1.2512712853736967,0.0,0.24427480916030533
2023-2027,RKP,24,tode tärkeä,1.239331153009592,0.3,0.525
2023-2027,RKP,25,äärimmäis,1.2390569254904513,0.3,0.4925373134328358
2023-2027,RKP,26,hallitus panost,1.2217821538406366,0.1,0.6571428571428571
2023-2027,RKP,27,tärk,1.2099574541719882,0.0,0.19680851063829788
2023-2027,RKP,28,panostus,1.2048855473670639,0.1,0.5384615384615384
2023-2027,RKP,29,tak,1.1824635675755355,0.1,0.3333333333333333
2023-2027,RKP,30,kysyny,1.165527124470388,0.7,0.967741935483871
2023-2027,RKP,31,maailm,1.1638583434114813,0.1,0.24210526315789474
2023-2027,RKP,32,toki,1.1621514998931584,0.0,0.5760869565217391
2023-2027,RKP,33,siirtym,1.15666950118831,0.0,0.5833333333333334
2023-2027,RKP,34,syytä,1.1411133422562998,0.1,0.3793103448275862
2023-2027,RKP,35,syksy,1.1358064024228123,0.0,0.3333333333333333
2023-2027,RKP,36,sä,1.122094388482746,0.0,0.4782608695652174
2023-2027,RKP,37,varm,1.1053747429680747,0.0,0.4246575342465753
2023-2027,RKP,38,ammatillis koulutuks,1.102777176432162,0.0,0.6575342465753424
2023-2027,RKP,39,poht,1.1009328310566273,0.1,0.4482758620689655
2023-2027,RKP,40,ruots,1.0851283601195596,0.1,0.2857142857142857
2023-2027,KD,1,elik,2.2671158089328154,1.0,0.9404761904761905
2023-2027,KD,2,nimenomais,2.233904327412196,1.0,0.9876543209876543
2023-2027,KD,3,nimenom,2.1316241008242542,0.8,0.39473684210526316
2023-2027,KD,4,tuottaj,2.093977294625607,0.9,0.7410714285714286
2023-2027,KD,5,hamas,2.0856336421418895,0.9,0.33695652173913043
2023-2027,KD,6,nost,1.9643660231571598,0.7,0.48863636363636365
2023-2027,KD,7,oppositio,1.8775560065548713,0.4,0.4230769230769231
2023-2027,KD,8,nost es,1.842315953288476,0.7,0.5725190839694656
2023-2027,KD,9,ajatel,1.8083905707622594,0.6,0.40625
2023-2027,KD,10,myösk sit,1.7902176532257474,0.9,1.0
2023-2027,KD,11,maataloud,1.7498551649723404,0.5,0.7828947368421053
2023-2027,KD,12,myösk,1.7343057923944118,0.4,0.8554744525547445
2023-2027,KD,13,tode,1.718988687212334,0.6,0.45621181262729127
2023-2027,KD,14,kohd,1.713017822798161,0.7,0.48412698412698413
2023-2027,KD,15,pyr,1.6042158665849342,0.3,0.4146341463414634
2023-2027,KD,16,perh,1.568500563317721,0.6,0.5359477124183006
2023-2027,KD,17,myös,1.5395389347048594,0.6,0.399452804377565
2023-2027,KD,18,miele,1.5218484513454886,0.2,0.49310344827586206
2023-2027,KD,19,maa metsätalousministeriö,1.5176380633326776,0.0,0.9696969696969697
2023-2027,KD,20,metsätalousministeriö,1.5176380633326776,0.0,0.9696969696969697
2023-2027,KD,21,mon,1.4933260750706276,0.3,0.44505494505494503
2023-2027,KD,22,täl hetk,1.4908468372438044,0.1,0.6223776223776224
2023-2027,KD,23,potil,1.4897012634990257,0.5,0.7101449275362319
2023-2027,KD,24,hyvinvoint,1.4869648933424673,0.3,0.3173076923076923
2023-2027,KD,25,kysy,1.4728080067194367,0.2,0.3821138211382114
2023-2027,KD,26,pysty,1.4557940029143481,0.1,0.7029702970297029
2023-2027,KD,27,voisi,1.445504276904457,0.0,0.34759358288770054
2023-2027,KD,28,kysyi,1.422576964522135,0.1,0.825
2023-2027,KD,29,elintarvikemarkkinal,1.4178584912626362,0.0,0.8958333333333334
2023-2027,KD,30,maa,1.3753982460025913,0.3,0.7748344370860927
2023-2027,KD,31,eduskuntaryhm,1.357461371167079,0.2,0.6153846153846154
2023-2027,KD,32,sanotu,1.3495216336626445,0.0,0.4956521739130435
2023-2027,KD,33,vuotia,1.3312005694841882,0.0,0.5740740740740741
2023-2027,KD,34,maaseudu,1.3227309189118863,0.0,0.8048780487804879
2023-2027,KD,35,tärkeä,1.321167167797664,0.1,0.35096153846153844
2023-2027,KD,36,alue,1.3186326305013452,0.0,0.3730769230769231
2023-2027,KD,37,iloits,1.2940980926327919,0.0,0.4375
2023-2027,KD,38,tarvits,1.258059202238088,0.1,0.24242424242424243
2023-2027,KD,39,kuuluv,1.2543451706212114,0.0,0.36363636363636365
2023-2027,KD,40,hetk,1.2392207907447923,0.0,0.5828025477707006
2023-2027,KOK,1,uudistuks,2.150270751505551,1.0,0.16494845360824742
2023-2027,KOK,2,miljard,1.8934795321336728,0.9,0.22722868217054262
2023-2027,KOK,3,teem,1.849338531225662,0.9,0.34267515923566877
2023-2027,KOK,4,eli,1.8080373896417068,0.8,0.1001770806982039
2023-2027,KOK,5,tietyst,1.7685187450637367,0.8,0.2298270893371758
2023-2027,KOK,6,työtä,1.5303296915242903,0.6,0.12228915662650602
2023-2027,KOK,7,töitä,1.4082247998687472,0.5,0.43622047244094486
2023-2027,KOK,8,taas vastaav,1.4003462707873608,0.5,0.9949494949494949
2023-2027,KOK,9,talous,1.27296512861431,0.3,0.24413145539906103
2023-2027,KOK,10,vahvist,1.272806631692491,0.5,0.41204013377926424
2023-2027,KOK,11,ensin,1.272467060193981,0.2,0.14454277286135694
2023-2027,KOK,12,turvallisuus,1.247647018654633,0.4,0.5295381310418904
2023-2027,KOK,13,tot,1.244490877778247,0.3,0.12425531914893617
2023-2027,KOK,14,hyvinvointiyhteiskun,1.2183349488354582,0.2,0.22565320665083136
2023-2027,KOK,15,taas,1.2174679379183513,0.1,0.4222222222222222
2023-2027,KOK,16,suome,1.2054988674258464,0.3,0.13756977243452126
2023-2027,KOK,17,eteenp,1.1712388814872297,0.2,0.11873350923482849
2023-2027,KOK,18,asia,1.1411657626318419,0.2,0.08410966196433324
2023-2027,KOK,19,työn,1.1405873856069082,0.1,0.12220149253731344
2023-2027,KOK,20,turvallisuud,1.113292406798974,0.3,0.34701492537313433
2023-2027,KOK,21,vahv,1.0886335449643387,0.3,0.20385906040268456
2023-2027,KOK,22,voida,1.0757885338815671,0.3,0.14880294659300183
2023-2027,KOK,23,pitä,1.0699426865702515,0.3,0.1424041510521764
2023-2027,KOK,24,ratkaisu,1.0676874454984149,0.2,0.13797101449275362
2023-2027,KOK,25,siis,1.0071685042608383,0.2,0.1063752276867031
2023-2027,KOK,26,työllisyysvaikutuks,0.9962832386804836,0.1,0.18396226415094338
2023-2027,KOK,27,investoid,0.991917493710593,0.1,0.15311004784688995
2023-2027,KOK,28,oppositio,0.9896356977536367,0.2,0.09583660644147683
2023-2027,KOK,29,puh,0.9819935665238804,0.1,0.20052770448548812
2023-2027,KOK,30,vastaav,0.9787749016393461,0.1,0.3623529411764706
2023-2027,KOK,31,määrätietois,0.9724074218972332,0.0,0.18269230769230768
2023-2027,KOK,32,tehty,0.9406491831346868,0.1,0.1493411420204978
2023-2027,KOK,33,turvallisuut,0.9374867519999031,0.3,0.45206611570247934
2023-2027,KOK,34,uudistus,0.9362229342568466,0.1,0.3110181311018131
2023-2027,KOK,35,investoint,0.9296364232711921,0.1,0.14705882352941177
2023-2027,KOK,36,tehd,0.9281758044657353,0.1,0.15577156743620899
2023-2027,KOK,37,kunto,0.9231355004137984,0.0,0.3132832080200501
2023-2027,KOK,38,aiva,0.9188750637593663,0.1,0.1381668946648427
2023-2027,KOK,39,jatko,0.8894835618872637,0.1,0.15901639344262294
2023-2027,KOK,40,asio,0.864471167871716,0.1,0.13550884955752213
2023-2027,PS,1,rikoks,2.0645870133462063,0.9,0.1625531914893617
2023-2027,PS,2,maahanmuuttopolitiik,2.0175388142208397,1.0,0.22620689655172413
2023-2027,PS,3,kunnioitetu,1.8878273195815087,0.6,0.3355263157894737
2023-2027,PS,4,oppositio,1.8173731146102114,0.7,0.1718562874251497
2023-2027,PS,5,maahanmuuto,1.7058385191104413,0.6,0.25679475164011245
2023-2027,PS,6,maas,1.620551106930764,0.7,0.15667074663402691
2023-2027,PS,7,vasem,1.5972597903576056,0.5,0.15178571428571427
2023-2027,PS,8,kute,1.485450505476113,0.2,0.13160658032901645
2023-2027,PS,9,vasemmisto,1.4828022467136992,0.5,0.17118997912317327
2023-2027,PS,10,veronmaksaj,1.4587940890987232,0.5,0.2919020715630885
2023-2027,PS,11,poliis,1.4081839393606377,0.4,0.1561712846347607
2023-2027,PS,12,sosiaalidemokraat,1.371936523577854,0.5,0.3248407643312102
2023-2027,PS,13,äärettöm,1.3653089511083027,0.4,0.23195876288659795
2023-2027,PS,14,tarkoituks,1.3276751282534962,0.3,0.1154970760233918
2023-2027,PS,15,henkilö,1.278579426464858,0.4,0.10353935552033809
2023-2027,PS,16,teem,1.26999665792782,0.3,0.31891891891891894
2023-2027,PS,17,maahanmuuttaj,1.2493547453280136,0.2,0.15476190476190477
2023-2027,PS,18,mikäl,1.2440391810891367,0.4,0.30522088353413657
2023-2027,PS,19,turvallisuud,1.2347273865255102,0.4,0.08882309400444116
2023-2027,PS,20,raha,1.229900668560843,0.3,0.09329896907216495
2023-2027,PS,21,rangaistuks,1.2212045157304348,0.2,0.2359249329758713
2023-2027,PS,22,tul,1.2129888882784419,0.4,0.10130010834236186
2023-2027,PS,23,kaude,1.1982833110938256,0.2,0.13264346190028223
2023-2027,PS,24,turp,1.189189476953511,0.1,0.24477611940298508
2023-2027,PS,25,ehdot,1.1687041522878587,0.1,0.12715389185977422
2023-2027,PS,26,polttoainevero,1.1520761375612631,0.1,0.3840304182509506
2023-2027,PS,27,maaha,1.144581184650811,0.3,0.1835016835016835
2023-2027,PS,28,suomalaist,1.1151528016927663,0.1,0.13679245283018868
2023-2027,PS,29,ostovoim,1.113477076568655,0.1,0.2409090909090909
2023-2027,PS,30,lisä,1.0983719281531614,0.1,0.09651523444626893
2023-2027,PS,31,vero,1.0710706023655434,0.1,0.2853333333333333
2023-2027,PS,32,ulkom,1.0600485363846315,0.1,0.13272311212814644
2023-2027,PS,33,korost,1.0391640706480976,0.1,0.10062893081761007
2023-2027,PS,34,täytyy,1.0158131081143538,0.2,0.1511461318051576
2023-2027,PS,35,turvallisuut,1.009331462745347,0.2,0.08166811468288444
2023-2027,PS,36,tosia,0.9941713404830912,0.3,0.15283842794759825
2023-2027,PS,37,autoilij,0.9870937173782297,0.2,0.3268608414239482
2023-2027,PS,38,tule,0.9752114463426093,0.2,0.07689848121502797
2023-2027,PS,39,tyhj paper,0.9718988988284559,0.0,0.2440944881889764
2023-2027,PS,40,hallitusohjelm,0.9655339713274576,0.1,0.11914893617021277
