term,label,n,teema
2015-2019,KD,88,maahanmuutto
2015-2019,KESK,176,maahanmuutto
2015-2019,KOK,274,maahanmuutto
2015-2019,PS,383,maahanmuutto
2015-2019,RKP,61,maahanmuutto
2015-2019,SDP,226,maahanmuutto
2015-2019,VAS,119,maahanmuutto
2015-2019,VIHR,177,maahanmuutto
2019-2023,KD,66,maahanmuutto
2019-2023,KESK,123,maahanmuutto
2019-2023,KOK,286,maahanmuutto
2019-2023,PS,592,maahanmuutto
2019-2023,RKP,23,maahanmuutto
2019-2023,SDP,195,maahanmuutto
2019-2023,VAS,47,maahanmuutto
2019-2023,VIHR,225,maahanmuutto
2023-2027,KD,15,maahanmuutto
2023-2027,KESK,65,maahanmuutto
2023-2027,KOK,203,maahanmuutto
2023-2027,PS,500,maahanmuutto
2023-2027,RKP,9,maahanmuutto
2023-2027,SDP,189,maahanmuutto
2023-2027,VAS,89,maahanmuutto
2023-2027,VIHR,82,maahanmuutto
2015-2019,KD,29,ilmasto
2015-2019,KESK,674,ilmasto
2015-2019,KOK,207,ilmasto
2015-2019,PS,231,ilmasto
2015-2019,RKP,43,ilmasto
2015-2019,SDP,235,ilmasto
2015-2019,VAS,173,ilmasto
2015-2019,VIHR,472,ilmasto
2019-2023,KD,88,ilmasto
2019-2023,KESK,818,ilmasto
2019-2023,KOK,467,ilmasto
2019-2023,PS,924,ilmasto
2019-2023,RKP,39,ilmasto
2019-2023,SDP,547,ilmasto
2019-2023,VAS,191,ilmasto
2019-2023,VIHR,713,ilmasto
2023-2027,KD,31,ilmasto
2023-2027,KESK,423,ilmasto
2023-2027,KOK,389,ilmasto
2023-2027,PS,510,ilmasto
2023-2027,RKP,22,ilmasto
2023-2027,SDP,300,ilmasto
2023-2027,VAS,225,ilmasto
2023-2027,VIHR,603,ilmasto
2015-2019,KESK,10,korona
2015-2019,KOK,4,korona
2015-2019,PS,1,korona
2015-2019,RKP,1,korona
2015-2019,SDP,2,korona
2015-2019,VIHR,1,korona
2019-2023,KD,260,korona
2019-2023,KESK,880,korona
2019-2023,KOK,941,korona
2019-2023,PS,1007,korona
2019-2023,RKP,69,korona
2019-2023,SDP,1044,korona
2019-2023,VAS,330,korona
2019-2023,VIHR,448,korona
2023-2027,KD,5,korona
2023-2027,KESK,43,korona
2023-2027,KOK,40,korona
2023-2027,PS,91,korona
2023-2027,RKP,3,korona
2023-2027,SDP,83,korona
2023-2027,VAS,14,korona
2023-2027,VIHR,23,korona
2015-2019,KD,47,turvallisuus
2015-2019,KESK,314,turvallisuus
2015-2019,KOK,284,turvallisuus
2015-2019,PS,262,turvallisuus
2015-2019,RKP,16,turvallisuus
2015-2019,SDP,219,turvallisuus
2015-2019,VAS,86,turvallisuus
2015-2019,VIHR,54,turvallisuus
2019-2023,KD,69,turvallisuus
2019-2023,KESK,509,turvallisuus
2019-2023,KOK,455,turvallisuus
2019-2023,PS,443,turvallisuus
2019-2023,RKP,25,turvallisuus
2019-2023,SDP,329,turvallisuus
2019-2023,VAS,154,turvallisuus
2019-2023,VIHR,234,turvallisuus
2023-2027,KD,47,turvallisuus
2023-2027,KESK,254,turvallisuus
2023-2027,KOK,781,turvallisuus
2023-2027,PS,641,turvallisuus
2023-2027,RKP,22,turvallisuus
2023-2027,SDP,512,turvallisuus
2023-2027,VAS,127,turvallisuus
2023-2027,VIHR,124,turvallisuus
2015-2019,KD,266,eriarvoisuus
2015-2019,KESK,1266,eriarvoisuus
2015-2019,KOK,1191,eriarvoisuus
2015-2019,PS,1056,eriarvoisuus
2015-2019,RKP,87,eriarvoisuus
2015-2019,SDP,2001,eriarvoisuus
2015-2019,VAS,722,eriarvoisuus
2015-2019,VIHR,645,eriarvoisuus
2019-2023,KD,256,eriarvoisuus
2019-2023,KESK,1026,eriarvoisuus
2019-2023,KOK,1024,eriarvoisuus
2019-2023,PS,1371,eriarvoisuus
2019-2023,RKP,79,eriarvoisuus
2019-2023,SDP,883,eriarvoisuus
2019-2023,VAS,429,eriarvoisuus
2019-2023,VIHR,316,eriarvoisuus
2023-2027,KD,57,eriarvoisuus
2023-2027,KESK,876,eriarvoisuus
2023-2027,KOK,955,eriarvoisuus
2023-2027,PS,1280,eriarvoisuus
2023-2027,RKP,32,eriarvoisuus
2023-2027,SDP,1562,eriarvoisuus
2023-2027,VAS,500,eriarvoisuus
2023-2027,VIHR,429,eriarvoisuus
