term,series,rep,accuracy,polarisation
2015-2019,real,0,0.2345915095172251,0.3061611155119493
2015-2019,real,1,0.2257619849900444,0.2258642848254479
2015-2019,real,2,0.218623877099336,0.2561579602554469
2015-2019,real,3,0.2144322540362144,0.2512782179554044
2015-2019,real,4,0.2526848133273836,0.3292779829895204
2015-2019,real,5,0.2229668651226582,0.251909074714666
2015-2019,real,6,0.228671994460633,0.2874293788336254
2015-2019,real,7,0.2322045398470268,0.2631312007063359
2015-2019,random,8,0.1246662369947518,-0.0976443874664805
2015-2019,random,9,0.1405828304575916,-0.1023601029932047
2015-2019,random,10,0.1200343938091143,-0.1588474295059039
2015-2019,random,11,0.1313168124392614,-0.1261388653600106
2019-2023,real,0,0.285671838890723,0.3711790495701549
2019-2023,real,1,0.2793248390910285,0.3500243839747943
2019-2023,real,2,0.2815236562799765,0.0982760695602106
2019-2023,real,3,0.2809378786390281,0.3985942332687097
2019-2023,real,4,0.255301717346778,0.2978573355343123
2019-2023,real,5,0.2788819875776397,0.3746334219779557
2019-2023,real,6,0.2751465798045602,0.3774742909186478
2019-2023,real,7,0.2914247431889236,0.3036697735898815
2019-2023,random,8,0.1418836777784887,0.0165593103755639
2019-2023,random,9,0.1152911068458093,-0.0883052491637862
2019-2023,random,10,0.1376171442007322,0.0284296852328156
2019-2023,random,11,0.1383382808260717,0.03391795342315
2023-2027,real,0,0.28182471264367814,0.3945931519658799
2023-2027,real,1,0.30292238784051695,0.34407673313020626
2023-2027,real,2,0.28913569054094895,0.3965736374171413
2023-2027,real,3,0.30114157765297506,0.3635072983122259
2023-2027,real,4,0.2844040293183867,0.3162618094974802
2023-2027,real,5,0.3039581777445855,0.4600306553087255
2023-2027,real,6,0.2822260300646468,0.3991936689194723
2023-2027,real,7,0.29450381122579233,0.44192115951543204
2023-2027,random,8,0.124180652596701,-0.06757167736510665
2023-2027,random,9,0.1616597822005257,0.03126377997299222
2023-2027,random,10,0.12935148243761246,-0.17158723973753962
2023-2027,random,11,0.12986526946107785,-0.20857827788554464
