vuosi,party,vaalikone: suhteellinen hajonta,puheet: suhteellinen monimuotoisuus
2015,VAS,0.8813587683474783,0.787618841052319
2015,SDP,1.010017534488213,0.7763952823371725
2015,VIHR,0.9936056293670149,0.8297361118227135
2015,KESK,1.0410155923398807,0.8549495767288459
2015,RKP,1.1032614077858223,0.6244463542655235
2015,KD,1.0641764721217994,0.6585945157274197
2015,KOK,0.9750720109868111,0.8127391537047708
2015,PS,1.059046249549304,0.781097035653268
2019,VAS,0.9490764601754,0.7292393651616771
2019,SDP,0.9530740234561156,0.7198948425201255
2019,VIHR,0.8643904761706616,0.8147122353162443
2019,KESK,0.960433246198846,0.6887224005317513
2019,RKP,1.0650611983099354,0.6559848474612269
2019,KD,0.9721388115191281,0.38864744244394306
2019,KOK,0.990363148226925,0.7228624845920694
2019,PS,0.9463958720534319,0.6384375099151524
2023,VAS,0.7910822600678574,0.5444576404541029
2023,SDP,0.8783745225076642,0.5922321857584836
2023,VIHR,0.8258662120931933,0.4812313383976884
2023,KESK,0.9007216328749853,0.40130036556339055
2023,RKP,0.9883466952486051,0.6912763850260415
2023,KD,0.9656328211799637,0.33866722500130186
2023,KOK,0.8990916042956436,0.5384190708237906
2023,PS,0.8992646345310816,0.5215104316868739
