vuosi,pari,ryhmä,vaalikone,puheet,sija vaalikone,sija puheet,sijaero
2015,VAS–SDP,oppositio–oppositio,0.7152235538166177,0.08340809978232962,3.0,1.0,-2.0
2015,VAS–VIHR,oppositio–oppositio,0.7180973968705742,0.16776427642711086,4.0,2.0,-2.0
2015,VAS–KESK,rajan yli,1.1546430672529326,0.4521610969936745,19.0,19.0,0.0
2015,VAS–RKP,oppositio–oppositio,1.2359992468180656,0.45313945771141373,21.0,20.0,-1.0
2015,VAS–KD,oppositio–oppositio,1.2914744633411968,0.2080074216881916,24.0,4.0,-20.0
2015,VAS–KOK,rajan yli,1.777895550834287,0.30475748445116013,28.0,8.0,-20.0
2015,VAS–PS,rajan yli,1.368730110700065,0.35237105705135374,27.0,11.0,-16.0
2015,SDP–VIHR,oppositio–oppositio,0.7864955242759251,0.378177575371258,8.0,13.0,5.0
2015,SDP–KESK,rajan yli,0.8364748759353675,0.47693557903810724,10.0,22.0,12.0
2015,SDP–RKP,oppositio–oppositio,0.9217483166845053,0.5701585658268765,15.0,25.0,10.0
2015,SDP–KD,oppositio–oppositio,0.886010001056691,0.21719369460226173,14.0,5.0,-9.0
2015,SDP–KOK,rajan yli,1.348225267228728,0.3940239533430063,26.0,15.0,-11.0
2015,SDP–PS,rajan yli,1.0582264803757198,0.4501163320298166,17.0,18.0,1.0
2015,VIHR–KESK,rajan yli,0.8743999438806603,0.5969869061283227,12.0,27.0,15.0
2015,VIHR–RKP,oppositio–oppositio,0.7564386345882261,0.4372682509126611,6.0,16.0,10.0
2015,VIHR–KD,oppositio–oppositio,1.1065292347355447,0.3792393960828241,18.0,14.0,-4.0
2015,VIHR–KOK,rajan yli,1.2877533916631938,0.4712033247982043,23.0,21.0,-2.0
2015,VIHR–PS,rajan yli,1.3115461013214276,0.5259323870288432,25.0,23.0,-2.0
2015,KESK–RKP,rajan yli,0.7367682378329766,0.6689474360877827,5.0,28.0,23.0
2015,KESK–KD,rajan yli,0.6033355557394113,0.34499622625673065,1.0,10.0,9.0
2015,KESK–KOK,hallitus–hallitus,0.8587634227530857,0.20576315116439192,11.0,3.0,-8.0
2015,KESK–PS,hallitus–hallitus,0.7067017909646605,0.4402103587026206,2.0,17.0,15.0
2015,RKP–KD,oppositio–oppositio,0.8271592711136784,0.3654184146933558,9.0,12.0,3.0
2015,RKP–KOK,rajan yli,0.7696866056548799,0.5383907010876371,7.0,24.0,17.0
2015,RKP–PS,rajan yli,1.2382578023824444,0.5920612284588065,22.0,26.0,4.0
2015,KD–KOK,rajan yli,1.0030559625918112,0.26937391354803353,16.0,7.0,-9.0
2015,KD–PS,rajan yli,0.874931393980047,0.24709408130717497,13.0,6.0,-7.0
2015,KOK–PS,hallitus–hallitus,1.183880388045416,0.31138015238597944,20.0,9.0,-11.0
2019,VAS–SDP,hallitus–hallitus,0.6935745606368464,0.1976342632165277,5.0,2.0,-3.0
2019,VAS–VIHR,hallitus–hallitus,0.482231616979513,0.41192262866561874,1.0,14.0,13.0
2019,VAS–KESK,hallitus–hallitus,1.140060707819944,0.3361205832132152,19.0,7.0,-12.0
2019,VAS–RKP,hallitus–hallitus,1.0551203572750913,0.37551894410720355,14.0,10.0,-4.0
2019,VAS–KD,rajan yli,1.45104835538138,0.2851008988554575,22.0,5.0,-17.0
2019,VAS–KOK,rajan yli,1.4811918154867036,0.3909519334996004,25.0,12.0,-13.0
2019,VAS–PS,rajan yli,1.7796484912368495,0.5647129860082967,27.0,21.0,-6.0
2019,SDP–VIHR,hallitus–hallitus,0.8977362578266432,0.5404331491732475,9.0,19.0,10.0
2019,SDP–KESK,hallitus–hallitus,0.6619896120973909,0.2545856163986681,4.0,3.0,-1.0
2019,SDP–RKP,hallitus–hallitus,0.7537206539680522,0.4810444367294549,8.0,17.0,9.0
2019,SDP–KD,rajan yli,1.0227465072524093,0.25558686956191035,12.0,4.0,-8.0
2019,SDP–KOK,rajan yli,1.0863357776147549,0.39778155954933375,16.0,13.0,-3.0
2019,SDP–PS,rajan yli,1.45106851588358,0.673252709519223,23.0,25.0,2.0
2019,VIHR–KESK,hallitus–hallitus,1.2981731593008006,0.5480136798211755,20.0,20.0,0.0
2019,VIHR–RKP,hallitus–hallitus,1.0424974831580305,0.5288002836785033,13.0,18.0,5.0
2019,VIHR–KD,rajan yli,1.5769765316685183,0.6801120736344759,26.0,26.0,0.0
2019,VIHR–KOK,rajan yli,1.4598513292608855,0.6458207350348686,24.0,24.0,0.0
2019,VIHR–PS,rajan yli,1.9771022989213562,0.815986914897294,28.0,28.0,0.0
2019,KESK–RKP,hallitus–hallitus,0.7323514275138991,0.44579631120789887,7.0,15.0,8.0
2019,KESK–KD,rajan yli,0.6244311507425477,0.3548966445069044,3.0,8.0,5.0
2019,KESK–KOK,rajan yli,0.7312420914904734,0.3258576148361386,6.0,6.0,0.0
2019,KESK–PS,rajan yli,1.0141489701142818,0.5765326101029513,11.0,23.0,12.0
2019,RKP–KD,rajan yli,1.1055072507132424,0.4782487091972315,17.0,16.0,-1.0
2019,RKP–KOK,rajan yli,0.5956808098181261,0.5702456024781882,2.0,22.0,20.0
2019,RKP–PS,rajan yli,1.3929717510735282,0.6833488857134468,21.0,27.0,6.0
2019,KD–KOK,oppositio–oppositio,1.0093160186111994,0.05890478019208976,10.0,1.0,-9.0
2019,KD–PS,oppositio–oppositio,1.085635049756639,0.3651319436989662,15.0,9.0,-6.0
2019,KOK–PS,oppositio–oppositio,1.1285462767213392,0.3883800767684928,18.0,11.0,-7.0
2023,VAS–SDP,oppositio–oppositio,0.7795098783282612,0.4648380533136163,4.0,7.0,3.0
2023,VAS–VIHR,oppositio–oppositio,0.7969579876159687,0.39862486006102904,6.0,6.0,0.0
2023,VAS–KESK,oppositio–oppositio,1.6190838205502136,0.7125368560630632,24.0,22.0,-2.0
2023,VAS–RKP,rajan yli,1.2490526953153875,0.833511038186447,17.0,28.0,11.0
2023,VAS–KD,rajan yli,1.6081313391005978,0.7062199774383482,23.0,21.0,-2.0
2023,VAS–KOK,rajan yli,1.8345528532710904,0.7512404280585332,26.0,25.0,-1.0
2023,VAS–PS,rajan yli,2.1012099469706578,0.7635788981082493,28.0,26.0,-2.0
2023,SDP–VIHR,oppositio–oppositio,0.8098317421194677,0.5608085434668557,7.0,13.0,6.0
2023,SDP–KESK,oppositio–oppositio,1.071940375263753,0.3900580873813948,14.0,5.0,-9.0
2023,SDP–RKP,rajan yli,0.7561500556357993,0.7056949610339149,3.0,20.0,17.0
2023,SDP–KD,rajan yli,1.0990751951827953,0.46585444738150034,15.0,8.0,-7.0
2023,SDP–KOK,rajan yli,1.2788851232342329,0.48678294184748105,18.0,11.0,-7.0
2023,SDP–PS,rajan yli,1.6234708479487683,0.6215940548782672,25.0,16.0,-9.0
2023,VIHR–KESK,oppositio–oppositio,1.4802379686549352,0.667533063094849,20.0,18.0,-2.0
2023,VIHR–RKP,rajan yli,0.8614880329654362,0.7501238399106983,10.0,24.0,14.0
2023,VIHR–KD,rajan yli,1.5468471150359144,0.5452408294131115,21.0,12.0,-9.0
2023,VIHR–KOK,rajan yli,1.4592639286462783,0.700516105703048,19.0,19.0,0.0
2023,VIHR–PS,rajan yli,2.07573996038978,0.7652487570236565,27.0,27.0,0.0
2023,KESK–RKP,rajan yli,0.82000915092073,0.7419012183840894,8.0,23.0,15.0
2023,KESK–KD,rajan yli,0.46015938779140386,0.46849703863828523,1.0,9.0,8.0
2023,KESK–KOK,rajan yli,0.6628815706713682,0.5705880320379904,2.0,14.0,12.0
2023,KESK–PS,rajan yli,0.9660222228467233,0.5972046019151058,12.0,15.0,3.0
2023,RKP–KD,hallitus–hallitus,0.9714779536747612,0.2599141300371448,13.0,4.0,-9.0
2023,RKP–KOK,hallitus–hallitus,0.7881701141970122,0.48198502025748613,5.0,10.0,5.0
2023,RKP–PS,hallitus–hallitus,1.5643679885800366,0.6275107350024391,22.0,17.0,-5.0
2023,KD–KOK,hallitus–hallitus,0.8218626750666955,0.12748412183207547,9.0,1.0,-8.0
2023,KD–PS,hallitus–hallitus,0.8883548407472313,0.25310900057969554,11.0,3.0,-8.0
2023,KOK–PS,hallitus–hallitus,1.129974493077213,0.2301041316412894,16.0,2.0,-14.0
