vuosi,otos,puhemittari,puolueet,rho,p
2015,kaikki,luokittelija,8 puoluetta,0.07,0.3797
2015,kaikki,luokittelija,ilman RKP,0.18,0.2383
2015,kaikki,leave-out π,8 puoluetta,0.16,0.2237
2015,kaikki,leave-out π,ilman RKP,0.35,0.072
2015,valitut,luokittelija,8 puoluetta,0.14,0.2287
2015,valitut,luokittelija,ilman RKP,0.29,0.0915
2015,valitut,leave-out π,8 puoluetta,0.22,0.1229
2015,valitut,leave-out π,ilman RKP,0.42,0.049
2019,kaikki,luokittelija,8 puoluetta,0.47,0.0148
2019,kaikki,luokittelija,ilman RKP,0.6,0.004
2019,kaikki,leave-out π,8 puoluetta,0.59,0.0038
2019,kaikki,leave-out π,ilman RKP,0.75,0.0004
2019,valitut,luokittelija,8 puoluetta,0.44,0.0185
2019,valitut,luokittelija,ilman RKP,0.55,0.0065
2019,valitut,leave-out π,8 puoluetta,0.54,0.0064
2019,valitut,leave-out π,ilman RKP,0.68,0.0032
2023,kaikki,luokittelija,8 puoluetta,0.48,0.0139
2023,kaikki,luokittelija,ilman RKP,0.71,0.003
2023,kaikki,leave-out π,8 puoluetta,0.42,0.0203
2023,kaikki,leave-out π,ilman RKP,0.69,0.0044
