,VAS,SDP,VIHR,KESK,RKP,KD,KOK,PS
Suomen pitää ottaa käyttöön kolmas virallinen sukupuoli.,4.450236966824645,3.9086538461538463,4.649289099526066,2.461139896373057,4.0095238095238095,1.186335403726708,2.5913461538461537,1.1690821256038648
"On hyväksyttävää, että julkisia palveluja on vähemmän syrjäseuduilla.",2.0,2.8221153846153846,3.374407582938389,2.4093264248704664,3.1619047619047618,2.8633540372670807,3.7884615384615383,2.927536231884058
Suomessa on liian helppo elää yhteiskunnan tukien varassa.,1.1706161137440758,1.7644230769230769,1.6350710900473933,3.761658031088083,2.8476190476190477,3.515527950310559,4.1875,4.241545893719807
Yhteiskunnan johtavissa asemissa olevat eivät ymmärrä kansan ongelmia.,3.90521327014218,3.014423076923077,2.943127962085308,3.0673575129533677,2.6095238095238096,3.608695652173913,2.519230769230769,4.309178743961352
Turkistarhaus pitää sallia myös tulevaisuudessa.,1.2606635071090047,1.7019230769230769,1.09478672985782,3.373056994818653,2.4761904761904763,3.3354037267080745,2.7163461538461537,3.5169082125603865
"Kansanäänestyksiä on lisättävä, jotta kansalaisten suora osallistuminen päätöksentekoon kasvaa.",4.199052132701421,2.8701923076923075,3.056872037914692,2.756476683937824,2.4095238095238094,3.1614906832298137,2.423076923076923,3.9613526570048307
Lihantuotannon tukea tulee vähentää ilmastosyistä.,4.1469194312796205,3.2211538461538463,4.5545023696682465,1.689119170984456,2.761904761904762,1.875776397515528,2.5384615384615383,1.2318840579710144
Suomeen pitää rakentaa ainakin yksi suuri ydinvoimala lisää.,2.748815165876777,3.6346153846153846,2.654028436018957,3.9844559585492227,3.657142857142857,3.3043478260869565,4.471153846153846,4.463768115942029
Metsähakkuita pitää rajoittaa ilmastopäästöjä poistavien hiilinielujen kasvattamiseksi.,4.516587677725118,3.605769230769231,4.796208530805687,1.854922279792746,3.142857142857143,2.1366459627329193,2.293269230769231,1.391304347826087
Valtion pitää ympäristösyistä ohjata ihmisiä kuluttamaan vähemmän.,4.563981042654029,3.9759615384615383,4.62085308056872,3.5751295336787563,3.6666666666666665,3.248447204968944,3.1634615384615383,2.111111111111111
"Suomen pitää suojella kaikki luonnontilaiset metsät, jotta luonnon monimuotoisuus vahvistuisi.",4.388625592417061,2.9375,4.691943127962086,1.8963730569948187,3.019047619047619,2.260869565217391,2.3173076923076925,1.671497584541063
"Suomen pitää olla edelläkävijä ilmastonmuutoksen hidastamisessa, vaikka se aiheuttaisi suomalaisille kustannuksia.",4.540284360189573,4.096153846153846,4.781990521327014,2.9533678756476682,4.114285714285714,2.2049689440993787,3.1634615384615383,1.2077294685990339
Yksityisomistuksessa olevien maiden luonnonsuojelun pitää perustua vapaaehtoisuuteen.,3.132701421800948,3.701923076923077,3.3033175355450237,4.7357512953367875,4.304761904761905,4.409937888198757,4.4423076923076925,4.714975845410628
Asevelvollisuuden pitää koskea kaikkia sukupuolesta riippumatta.,3.6303317535545023,3.269230769230769,4.104265402843602,3.326424870466321,3.5428571428571427,2.3167701863354035,3.2740384615384617,2.657004830917874
Suomeen tulisi sijoittaa pysyvä Naton tukikohta.,1.2227488151658767,3.0240384615384617,2.843601895734597,3.4974093264248705,3.4857142857142858,2.6645962732919255,4.096153846153846,3.0628019323671496
Päätösvaltaa pitäisi siirtää EU:lta jäsenvaltioille.,2.938388625592417,2.4423076923076925,1.8293838862559242,4.015544041450777,2.5047619047619047,4.372670807453416,3.3221153846153846,4.840579710144928
"Ukraina pitää hyväksyä pikimmiten EU:n jäseneksi, vaikka se ei täyttäisi vielä jäsenyyskriteereitä.",2.2748815165876777,2.8413461538461537,2.744075829383886,2.860103626943005,3.123809523809524,2.7639751552795033,3.048076923076923,2.4830917874396135
"Kiina-riippuvuudesta pitää pyrkiä eroon, vaikka se heikentäisi yritysten kilpailukykyä.",4.345971563981043,4.0,4.485714285714286,3.9326424870466323,3.9904761904761905,4.068322981366459,4.014423076923077,4.115942028985507
Ahvenanmaan demilitarisoinnista pitäisi luopua.,1.5402843601895735,2.360576923076923,2.066350710900474,3.05699481865285,2.019047619047619,3.372670807453416,3.8173076923076925,4.130434782608695
Kehitysyhteistyöhön käytettäviä varoja on leikattava.,1.3412322274881516,1.875,1.2890995260663507,3.150259067357513,1.7714285714285714,2.639751552795031,3.2451923076923075,4.903381642512077
Suomen on liityttävä Natoon.,3.3649289099526065,4.8701923076923075,4.805687203791469,4.829015544041451,4.961904761904762,4.37888198757764,4.985576923076923,4.657004830917875
"Kun valtion menoja ja tuloja tasapainotetaan, se on tehtävä mieluummin menoja vähentämällä kuin veroja korottamalla.",1.4881516587677726,2.4759615384615383,2.4881516587677726,4.103626943005182,3.9047619047619047,4.142857142857143,4.740384615384615,4.806763285024155
Valtion on mieluummin otettava lisää velkaa kuin vähennettävä palveluita.,4.0947867298578196,3.235576923076923,3.265402843601896,1.9015544041450778,2.1619047619047618,1.7329192546583851,1.3990384615384615,1.4782608695652173
Pääomatulojen verotusta on kiristettävä.,4.76303317535545,4.028846153846154,3.5924170616113744,2.2072538860103625,2.019047619047619,2.409937888198758,1.4759615384615385,1.8985507246376812
Palkoista pitäisi sopia ensisijaisesti työpaikoilla.,1.4644549763033174,1.7307692307692308,2.4976303317535544,3.466321243523316,3.466666666666667,3.186335403726708,4.283653846153846,3.3864734299516908
Ansiosidonnaisen työttömyysturvan kestoa pitää lyhentää.,1.1042654028436019,1.4326923076923077,2.7630331753554502,3.678756476683938,3.2095238095238097,3.0,4.403846153846154,2.975845410628019
Eläkeläisköyhyyttä pitää vähentää korottamalla takuueläkettä.,4.872037914691943,4.447115384615385,4.184834123222749,4.0932642487046635,3.9523809523809526,4.074534161490683,3.4038461538461537,4.173913043478261
Terapian tulee olla maksutonta alle 30-vuotiaille.,4.649289099526066,4.394230769230769,4.260663507109005,3.673575129533679,3.942857142857143,3.3664596273291925,3.25,3.246376811594203
"Liikuntaa on lisättävä peruskoulussa, vaikka muiden oppiaineiden kustannuksella.",3.4265402843601898,3.1153846153846154,2.876777251184834,3.4559585492227978,3.4095238095238094,3.31055900621118,3.480769230769231,3.8309178743961354
Sosiaali- ja terveyspalvelut on tuotettava ensisijaisesti julkisina palveluina.,4.938388625592417,4.725961538461538,4.156398104265403,3.922279792746114,3.7142857142857144,3.590062111801242,2.355769230769231,3.917874396135266
Kannabiksen käyttö pitää laillistaa.,3.862559241706161,2.0961538461538463,3.881516587677725,1.61139896373057,2.447619047619048,1.15527950310559,1.9182692307692308,1.3816425120772946
Suomeen ei pidä avata huumeiden käyttöhuoneita.,1.4691943127962086,2.1875,1.3744075829383886,3.321243523316062,2.1619047619047618,4.130434782608695,3.0576923076923075,4.42512077294686
Viinin myynti pitää sallia jatkossakin vain Alkossa.,3.7393364928909953,3.298076923076923,2.5545023696682465,3.2124352331606216,2.5047619047619047,4.062111801242236,1.7259615384615385,1.8792270531400965
"Vanhuspalvelujen hoitajamitoitusta pitää keventää, jotta vanhuksille riittäisi hoivapaikkoja.",1.3080568720379147,1.5480769230769231,2.18957345971564,3.1658031088082903,2.704761904761905,2.7453416149068324,3.9038461538461537,3.077294685990338
Korkeakouluissa on otettava käyttöön lukukausimaksut myös suomalaisille opiskelijoille.,1.037914691943128,1.1538461538461537,1.085308056872038,1.310880829015544,1.361904761904762,1.5217391304347827,1.6394230769230769,1.5990338164251208
Koulutuksen rahoitusta on lisättävä ensi vaalikaudella.,4.9052132701421804,4.75,4.796208530805687,3.8704663212435233,4.333333333333333,4.068322981366459,4.322115384615385,4.004830917874396
Pääsykokeiden painoarvoa tulisi lisätä korkeakoulujen opiskelijavalinnoissa.,4.208530805687204,3.6778846153846154,3.720379146919431,3.621761658031088,3.7714285714285714,3.6645962732919255,3.6538461538461537,3.9082125603864735
"Lapsilisiä pitäisi maksaa vähemmän perheille, joilla on suuret tulot.",2.255924170616114,2.7115384615384617,3.170616113744076,2.569948186528497,2.361904761904762,2.8260869565217392,2.6201923076923075,3.207729468599034
"Valtion pitää maksaa osa opintolainasta, jos korkeakoulusta vastavalmistunut muuttaa töihin kasvukeskusten ulkopuolelle.",3.028436018957346,2.4134615384615383,2.042654028436019,4.170984455958549,1.9428571428571428,3.1366459627329193,2.0,2.927536231884058
Suomen pitää vastaanottaa nykyistä vähemmän kiintiöpakolaisia pakolaisleireiltä.,1.6161137440758293,1.7740384615384615,1.3507109004739337,2.673575129533679,1.6,2.5031055900621118,2.6826923076923075,4.72463768115942
Työperäistä maahanmuuttoa tarvitaan suomalaisen hyvinvointiyhteiskunnan ylläpitämiseksi.,4.568720379146919,4.653846153846154,4.829383886255924,4.471502590673575,4.885714285714286,4.043478260869565,4.75,2.5169082125603865
Yrityksillä pitää olla vapaus palkata työntekijöitä EU:n ulkopuolelta ilman saatavuusharkintaa.,2.061611374407583,2.1634615384615383,4.4170616113744074,3.704663212435233,4.4,3.298136645962733,4.451923076923077,1.5072463768115942
Suomen pitää pystyä karkottamaan nykyistä helpommin rikoksia tehneitä maahanmuuttajia.,2.1516587677725116,3.673076923076923,2.203791469194313,4.466321243523316,3.1619047619047618,4.521739130434782,4.6201923076923075,4.990338164251208
Valtion pitää lopettaa maakuntien lentoliikenteen tukeminen.,3.90521327014218,2.6009615384615383,4.3364928909952605,1.9637305699481866,2.8190476190476192,2.31055900621118,2.831730769230769,2.318840579710145
Bensan ja dieselin verotusta on alennettava.,1.947867298578199,2.6634615384615383,1.5213270142180095,3.9792746113989637,2.8,4.180124223602484,3.4759615384615383,4.893719806763285
Ruotsin kielen opiskelu on muutettava vapaaehtoiseksi kaikilla koulutusasteilla.,1.985781990521327,2.0,2.028436018957346,2.3626943005181347,1.2666666666666666,2.3540372670807455,2.4903846153846154,4.449275362318841
Ruotsin kielen asema Suomessa on säilytettävä vähintään ennallaan.,4.322274881516588,4.144230769230769,4.113744075829384,3.7927461139896375,4.857142857142857,3.869565217391304,3.701923076923077,2.260869565217391
