vuosi,kysymys,eta2
2015,Suomessa on liian helppo elää sosiaaliturvan varassa,0.38070573328469887
2015,Kaupan ja muiden liikkeiden aukioloajat on vapautettava.,0.3342853043646011
2015,Suomessa on siirryttävä perustuloon joka korvaisi nykyisen sosiaaliturvan vähimmäistason.,0.4511340486135573
2015,Työntekijälle on turvattava lailla minimityöaika.,0.40680363719143153
2015,Ansiosidonnaisen työttömyysturvan kestoa pitää lyhentää.,0.4101012651422551
2015,Euron ulkopuolella Suomi pärjäisi paremmin.,0.4817608999909824
2015,Ruoan verotusta on varaa kiristää.,0.09187318833517578
2015,Valtion ja kuntien taloutta on tasapainotettava ensisijaisesti leikkaamalla menoja.,0.4684640525927638
2015,Lapsilisiä on korotettava ja laitettava verolle.,0.13372049296574834
2015,Suomella ei ole varaa nykyisen laajuisiin sosiaali- ja terveyspalveluihin.,0.2583039667186202
2015,Nato-jäsenyys vahvistaisi Suomen turvallisuuspoliittista asemaa.,0.5307252682258335
2015,Suomeen tarvitaan enemmän poliiseja.,0.12076975016708613
2015,Maahanmuuttoa Suomeen on rajoitettava terrorismin uhan vuoksi.,0.4960212618593068
2015,Venäjän etupiiripolitiikka on uhka Suomelle.,0.1706349366211244
2015,Verkkovalvonnassa valtion turvallisuus on tärkeämpää kuin kansalaisten yksityisyyden suoja.,0.2621760411295625
2015,Suomen on osallistuttava Isisin vastaiseen taisteluun kouluttamalla Irakin hallituksen joukkoja.,0.06925735214201341
2015,Parantumattomasti sairaalla on oltava oikeus avustettuun kuolemaan.,0.38544134738482855
2015,Terveys- ja sosiaalipalvelut on tuotettava ensijaisesti julkisina palveluina.,0.4790182137875191
2015,Viranomaisten pitää puuttua lapsiperheiden ongelmiin nykyistä herkemmin.,0.006373581234145583
2015,Vanhuksen ja hänen omaistensa vastuuta hoitokustannuksista on lisättävä.,0.10188383674992661
2015,Kansalaisten oikeus terveyspalveluihin on tärkeämpää kuin kuntien itsehallinto.,0.048642748712699996
2015,Ilmastonmuutoksen hillitseminen pitää asettaa teollisuuden kilpailukyvyn edelle.,0.37211281707354604
2015,Geenimuunneltu ruoka on turvallista ihmiselle ja ympäristölle.,0.07731384418963963
2015,Suomen pitää ottaa suurempi vastuu EU:n alueelle tulevista turvapaikanhakijoista.,0.4782927082272155
2015,"On aika luopua ajatuksesta, että koko Suomi on pidettävä asuttuna.",0.1738655825778933
2015,Peruskoulun opetusryhmien koko on rajattava lailla esimerkiksi 20 oppilaaseen.,0.24809738777640378
2019,"Suomen pitää olla edelläkävijä ilmastonmuutoksen vastaisessa taistelussa, vaikka se aiheuttaisi suomalaisille kustannuksia.",0.5344349232762916
2019,Suomen ei pidä kiirehtiä kieltämään uusien bensa- ja dieselautojen myyntiä.,0.45786412816580624
2019,Valtion pitää ohjata suomalaiset syömään vähemmän lihaa esimerkiksi verotuksen avulla.,0.4396636026587607
2019,Metsiä hakataan Suomessa liikaa.,0.5331326468408257
2019,"Kun valtion menoja ja tuloja tasapainotetaan, se on tehtävä mieluummin menoja karsimalla kuin veroja kiristämällä.",0.513944216515967
2019,"Sosiaaliturvaa tulee kehittää niin, että osa nykyisistä tuista korvataan kaikille työikäisille maksettavalla, vastikkeettomalla perustulolla.",0.5795350216838068
2019,Euron ulkopuolella Suomi pärjäisi paremmin.,0.5059172242018305
2019,Sosiaali- ja terveyspalvelut on tuotettava ensisijaisesti julkisina palveluina.,0.3483264595148515
2019,Vanhustenhoidon ulkoistamista yksityisille toimijoille tulee lisätä.,0.29515756108397606
2019,Parantumattomasti sairaalla on oltava oikeus eutanasiaan.,0.3940502531615063
2019,Sukupuolen korjaamisen tulee olla mahdollista myös alle 18-vuotiaille.,0.3780748410589789
2019,Viinit ja vahvat oluet pitää saada ruokakauppoihin.,0.28368294949720524
2019,Energiajuomien myyminen alle 15-vuotiaille on kiellettävä.,0.02982008196646474
2019,"Nuuskan, purutupakan ja nenänuuskan matkustajatuonnin raja lasketaan 1000 grammasta 100 grammaan vuorokaudessa.",0.1320662678396042
2019,"Perhevapaita pitää uudistaa niin, että vapaat jakautuvat tasan vanhempien kesken.",0.38713975820791807
2019,Oppivelvollisuus pitää ulottaa myös ammatilliseen koulutukseen ja lukioon.,0.3822942094861896
2019,"Koulujen kesälomia tulee siirtää kahdella viikolla niin, että ne alkavat kesäkuun puolivälissä ja päättyvät elokuun lopulla.",0.032055063529034214
2019,Korkeakoulujen määrää pitää vähentää ja vapautuneet voimavarat käyttää huippuopetukseen ja -tutkimukseen.,0.12527751746173
2019,Maahanmuuttajien määrän kasvu on lisännyt turvattomuutta Suomessa.,0.49848621842464463
2019,Sosiaali- ja terveyspalveluiden rahoittaminen vaatii työperäisen maahanmuuton merkittävää lisäämistä.,0.3320212568698124
2019,Nato-jäsenyys vahvistaisi Suomen turvallisuuspoliittista asemaa.,0.44244327992499316
2019,Vihapuhe tulee määritellä ja asettaa rangaistavaksi rikoslaissa.,0.4478563143724118
2019,Perinteiset arvot ovat hyvän elämän perusta.,0.41088394941762957
2019,Suomessa tarvitaan nyt koviakin keinoja järjestyksen ja tavallisten ihmisten puolustamiseksi.,0.33697367382206994
2019,"On oikein, että yhteiskunnassa jotkut ryhmät ovat paremmassa asemassa kuin toiset.",0.1928180874002701
2019,Suomen lakien pitäisi nykyistä vapaammin antaa ihmisten tehdä omat ratkaisunsa ja kantaa niiden seuraukset.,0.15981079121978692
2019,Poliitikon velvollisuus on ennen kaikkea ajaa omien äänestäjiensä etuja.,0.0860211547703443
2019,"On olemassa pyhiä tai muuten yksilöä suurempia asioita, joita täytyy puolustaa silloinkin, kun se vaatii omien etujen uhraamista.",0.03249867702459649
2019,"On oikein nähdä vaivaa sen eteen, ettei vahingossakaan loukkaa toista.",0.08257579266229065
2023,Suomen pitää ottaa käyttöön kolmas virallinen sukupuoli.,0.6130945943057503
2023,"On hyväksyttävää, että julkisia palveluja on vähemmän syrjäseuduilla.",0.16359432819548453
2023,Suomessa on liian helppo elää yhteiskunnan tukien varassa.,0.6237498190171031
2023,Yhteiskunnan johtavissa asemissa olevat eivät ymmärrä kansan ongelmia.,0.2365133017376586
2023,Turkistarhaus pitää sallia myös tulevaisuudessa.,0.39682003881424255
2023,"Kansanäänestyksiä on lisättävä, jotta kansalaisten suora osallistuminen päätöksentekoon kasvaa.",0.21646495739265664
2023,Lihantuotannon tukea tulee vähentää ilmastosyistä.,0.5370261479130459
2023,Suomeen pitää rakentaa ainakin yksi suuri ydinvoimala lisää.,0.25373328538183043
2023,Metsähakkuita pitää rajoittaa ilmastopäästöjä poistavien hiilinielujen kasvattamiseksi.,0.6051459337436828
2023,Valtion pitää ympäristösyistä ohjata ihmisiä kuluttamaan vähemmän.,0.3799242716634557
2023,"Suomen pitää suojella kaikki luonnontilaiset metsät, jotta luonnon monimuotoisuus vahvistuisi.",0.5191611674370019
2023,"Suomen pitää olla edelläkävijä ilmastonmuutoksen hidastamisessa, vaikka se aiheuttaisi suomalaisille kustannuksia.",0.5915100968285082
2023,Yksityisomistuksessa olevien maiden luonnonsuojelun pitää perustua vapaaehtoisuuteen.,0.27256136098668016
2023,Asevelvollisuuden pitää koskea kaikkia sukupuolesta riippumatta.,0.13739578295616017
2023,Suomeen tulisi sijoittaa pysyvä Naton tukikohta.,0.3368961870499927
2023,Päätösvaltaa pitäisi siirtää EU:lta jäsenvaltioille.,0.49685831465217944
2023,"Ukraina pitää hyväksyä pikimmiten EU:n jäseneksi, vaikka se ei täyttäisi vielä jäsenyyskriteereitä.",0.040718525855098796
2023,"Kiina-riippuvuudesta pitää pyrkiä eroon, vaikka se heikentäisi yritysten kilpailukykyä.",0.04349099949240825
2023,Ahvenanmaan demilitarisoinnista pitäisi luopua.,0.34464624875034106
2023,Kehitysyhteistyöhön käytettäviä varoja on leikattava.,0.5981035103130478
2023,Suomen on liityttävä Natoon.,0.29148191599737217
2023,"Kun valtion menoja ja tuloja tasapainotetaan, se on tehtävä mieluummin menoja vähentämällä kuin veroja korottamalla.",0.6675956814537559
2023,Valtion on mieluummin otettava lisää velkaa kuin vähennettävä palveluita.,0.5573509403365724
2023,Pääomatulojen verotusta on kiristettävä.,0.5821759558765985
2023,Palkoista pitäisi sopia ensisijaisesti työpaikoilla.,0.4387819217471509
2023,Ansiosidonnaisen työttömyysturvan kestoa pitää lyhentää.,0.5006216939095532
2023,Eläkeläisköyhyyttä pitää vähentää korottamalla takuueläkettä.,0.17479286940728356
2023,Terapian tulee olla maksutonta alle 30-vuotiaille.,0.18551077448881959
2023,"Liikuntaa on lisättävä peruskoulussa, vaikka muiden oppiaineiden kustannuksella.",0.04888382247418681
2023,Sosiaali- ja terveyspalvelut on tuotettava ensisijaisesti julkisina palveluina.,0.4142446731875498
2023,Kannabiksen käyttö pitää laillistaa.,0.4515159781231419
2023,Suomeen ei pidä avata huumeiden käyttöhuoneita.,0.4616167481162888
2023,Viinin myynti pitää sallia jatkossakin vain Alkossa.,0.2755808575473213
2023,"Vanhuspalvelujen hoitajamitoitusta pitää keventää, jotta vanhuksille riittäisi hoivapaikkoja.",0.35610377019184186
2023,Korkeakouluissa on otettava käyttöön lukukausimaksut myös suomalaisille opiskelijoille.,0.09678404967784551
2023,Koulutuksen rahoitusta on lisättävä ensi vaalikaudella.,0.20078241563389698
2023,Pääsykokeiden painoarvoa tulisi lisätä korkeakoulujen opiskelijavalinnoissa.,0.030200159765610458
2023,"Lapsilisiä pitäisi maksaa vähemmän perheille, joilla on suuret tulot.",0.05549414384777534
2023,"Valtion pitää maksaa osa opintolainasta, jos korkeakoulusta vastavalmistunut muuttaa töihin kasvukeskusten ulkopuolelle.",0.2344758453289837
2023,Suomen pitää vastaanottaa nykyistä vähemmän kiintiöpakolaisia pakolaisleireiltä.,0.5157383840860467
2023,Työperäistä maahanmuuttoa tarvitaan suomalaisen hyvinvointiyhteiskunnan ylläpitämiseksi.,0.48026079855645654
2023,Yrityksillä pitää olla vapaus palkata työntekijöitä EU:n ulkopuolelta ilman saatavuusharkintaa.,0.5383192074874517
2023,Suomen pitää pystyä karkottamaan nykyistä helpommin rikoksia tehneitä maahanmuuttajia.,0.5696657718488461
2023,Valtion pitää lopettaa maakuntien lentoliikenteen tukeminen.,0.30564794943891854
2023,Bensan ja dieselin verotusta on alennettava.,0.513646093262953
2023,Ruotsin kielen opiskelu on muutettava vapaaehtoiseksi kaikilla koulutusasteilla.,0.373453735624338
2023,Ruotsin kielen asema Suomessa on säilytettävä vähintään ennallaan.,0.30179073730121
