vuosi,otos,a,b,etäisyys
2015,kaikki,VAS,SDP,0.7152235538166177
2015,kaikki,VAS,VIHR,0.7180973968705742
2015,kaikki,VAS,KESK,1.1546430672529326
2015,kaikki,VAS,RKP,1.2359992468180656
2015,kaikki,VAS,KD,1.2914744633411968
2015,kaikki,VAS,KOK,1.777895550834287
2015,kaikki,VAS,PS,1.368730110700065
2015,kaikki,SDP,VIHR,0.7864955242759251
2015,kaikki,SDP,KESK,0.8364748759353675
2015,kaikki,SDP,RKP,0.9217483166845053
2015,kaikki,SDP,KD,0.886010001056691
2015,kaikki,SDP,KOK,1.348225267228728
2015,kaikki,SDP,PS,1.0582264803757198
2015,kaikki,VIHR,KESK,0.8743999438806603
2015,kaikki,VIHR,RKP,0.7564386345882261
2015,kaikki,VIHR,KD,1.1065292347355447
2015,kaikki,VIHR,KOK,1.2877533916631938
2015,kaikki,VIHR,PS,1.3115461013214276
2015,kaikki,KESK,RKP,0.7367682378329766
2015,kaikki,KESK,KD,0.6033355557394113
2015,kaikki,KESK,KOK,0.8587634227530857
2015,kaikki,KESK,PS,0.7067017909646605
2015,kaikki,RKP,KD,0.8271592711136784
2015,kaikki,RKP,KOK,0.7696866056548799
2015,kaikki,RKP,PS,1.2382578023824444
2015,kaikki,KD,KOK,1.0030559625918112
2015,kaikki,KD,PS,0.874931393980047
2015,kaikki,KOK,PS,1.183880388045416
2015,valitut,VAS,SDP,0.7535331741930879
2015,valitut,VAS,VIHR,0.6302912076951223
2015,valitut,VAS,KESK,1.2500388114590322
2015,valitut,VAS,RKP,1.4216100506028846
2015,valitut,VAS,KD,1.514973824079376
2015,valitut,VAS,KOK,1.8763924601243251
2015,valitut,VAS,PS,1.5074470999923404
2015,valitut,SDP,VIHR,0.8081585536650563
2015,valitut,SDP,KESK,0.9510237643062415
2015,valitut,SDP,RKP,1.0232766540304827
2015,valitut,SDP,KD,1.080205653176075
2015,valitut,SDP,KOK,1.4588664754383578
2015,valitut,SDP,PS,1.278472134408105
2015,valitut,VIHR,KESK,1.0565315369038666
2015,valitut,VIHR,RKP,1.0110303958898716
2015,valitut,VIHR,KD,1.3696433094618337
2015,valitut,VIHR,KOK,1.4816588786565201
2015,valitut,VIHR,PS,1.5092229105944293
2015,valitut,KESK,RKP,0.8553559009218554
2015,valitut,KESK,KD,0.5228224812476001
2015,valitut,KESK,KOK,0.920603044399464
2015,valitut,KESK,PS,0.764672926442454
2015,valitut,RKP,KD,0.7558602955075668
2015,valitut,RKP,KOK,0.7340088875468689
2015,valitut,RKP,PS,1.3583949737154737
2015,valitut,KD,KOK,0.9082676605657033
2015,valitut,KD,PS,0.8864543517180542
2015,valitut,KOK,PS,1.226783467908796
2019,kaikki,VAS,SDP,0.6935745606368464
2019,kaikki,VAS,VIHR,0.482231616979513
2019,kaikki,VAS,KESK,1.140060707819944
2019,kaikki,VAS,RKP,1.0551203572750913
2019,kaikki,VAS,KD,1.45104835538138
2019,kaikki,VAS,KOK,1.4811918154867036
2019,kaikki,VAS,PS,1.7796484912368495
2019,kaikki,SDP,VIHR,0.8977362578266432
2019,kaikki,SDP,KESK,0.6619896120973909
2019,kaikki,SDP,RKP,0.7537206539680522
2019,kaikki,SDP,KD,1.0227465072524093
2019,kaikki,SDP,KOK,1.0863357776147549
2019,kaikki,SDP,PS,1.45106851588358
2019,kaikki,VIHR,KESK,1.2981731593008006
2019,kaikki,VIHR,RKP,1.0424974831580305
2019,kaikki,VIHR,KD,1.5769765316685183
2019,kaikki,VIHR,KOK,1.4598513292608855
2019,kaikki,VIHR,PS,1.9771022989213562
2019,kaikki,KESK,RKP,0.7323514275138991
2019,kaikki,KESK,KD,0.6244311507425477
2019,kaikki,KESK,KOK,0.7312420914904734
2019,kaikki,KESK,PS,1.0141489701142818
2019,kaikki,RKP,KD,1.1055072507132424
2019,kaikki,RKP,KOK,0.5956808098181261
2019,kaikki,RKP,PS,1.3929717510735282
2019,kaikki,KD,KOK,1.0093160186111994
2019,kaikki,KD,PS,1.085635049756639
2019,kaikki,KOK,PS,1.1285462767213392
2019,valitut,VAS,SDP,0.8093298305714833
2019,valitut,VAS,VIHR,0.7112769467627297
2019,valitut,VAS,KESK,1.2559802189036446
2019,valitut,VAS,RKP,1.0994579115750365
2019,valitut,VAS,KD,1.6576562677873379
2019,valitut,VAS,KOK,1.5179144936706932
2019,valitut,VAS,PS,1.7601635796585187
2019,valitut,SDP,VIHR,1.089994895026476
2019,valitut,SDP,KESK,0.7244246788121256
2019,valitut,SDP,RKP,0.7772367656663861
2019,valitut,SDP,KD,1.1402788559184833
2019,valitut,SDP,KOK,1.165975199144509
2019,valitut,SDP,PS,1.5044000249961138
2019,valitut,VIHR,KESK,1.6094286588677986
2019,valitut,VIHR,RKP,1.1698771830892356
2019,valitut,VIHR,KD,1.9534603296530313
2019,valitut,VIHR,KOK,1.6368759411322547
2019,valitut,VIHR,PS,2.2237208786058735
2019,valitut,KESK,RKP,0.8782203561767106
2019,valitut,KESK,KD,0.6233668742124969
2019,valitut,KESK,KOK,0.9122580740723462
2019,valitut,KESK,PS,1.0169143552871043
2019,valitut,RKP,KD,1.2546465362939805
2019,valitut,RKP,KOK,0.722844782575412
2019,valitut,RKP,PS,1.5516592090406418
2019,valitut,KD,KOK,1.0970122314281676
2019,valitut,KD,PS,1.0288124810813135
2019,valitut,KOK,PS,1.2000526207684339
2023,kaikki,VAS,SDP,0.7795098783282612
2023,kaikki,VAS,VIHR,0.7969579876159687
2023,kaikki,VAS,KESK,1.6190838205502136
2023,kaikki,VAS,RKP,1.2490526953153875
2023,kaikki,VAS,KD,1.6081313391005978
2023,kaikki,VAS,KOK,1.8345528532710904
2023,kaikki,VAS,PS,2.1012099469706578
2023,kaikki,SDP,VIHR,0.8098317421194677
2023,kaikki,SDP,KESK,1.071940375263753
2023,kaikki,SDP,RKP,0.7561500556357993
2023,kaikki,SDP,KD,1.0990751951827953
2023,kaikki,SDP,KOK,1.2788851232342329
2023,kaikki,SDP,PS,1.6234708479487683
2023,kaikki,VIHR,KESK,1.4802379686549352
2023,kaikki,VIHR,RKP,0.8614880329654362
2023,kaikki,VIHR,KD,1.5468471150359144
2023,kaikki,VIHR,KOK,1.4592639286462783
2023,kaikki,VIHR,PS,2.07573996038978
2023,kaikki,KESK,RKP,0.82000915092073
2023,kaikki,KESK,KD,0.46015938779140386
2023,kaikki,KESK,KOK,0.6628815706713682
2023,kaikki,KESK,PS,0.9660222228467233
2023,kaikki,RKP,KD,0.9714779536747612
2023,kaikki,RKP,KOK,0.7881701141970122
2023,kaikki,RKP,PS,1.5643679885800366
2023,kaikki,KD,KOK,0.8218626750666955
2023,kaikki,KD,PS,0.8883548407472313
2023,kaikki,KOK,PS,1.129974493077213
